interaction_id,consumer_id,touchpoint_id,interaction_date,interaction_type,resolution_status,comments
141,356,768,2024-05-09,Purchase,Delivered,Month lot bill perhaps production financial clear house.
906,377,156,2024-05-16,Inquiry,Cancelled,Garden she visit grow owner force rise.
50,500,120,2024-05-29,Inquiry,Completed,Think travel organization window generation sometimes others.
531,81,612,2024-01-17,Purchase,Completed,Nearly style common safe operation ability understand listen.
858,926,599,2024-04-29,Inquiry,Delivered,Star carry return bring pressure cover number.
672,765,452,2024-02-06,Feedback,Cancelled,Security represent official.
243,47,91,2024-03-26,Support,Completed,Young theory hit police military offer exist.
911,491,634,2024-04-17,Feedback,Delivered,Teacher degree pick field somebody rate number happen.
354,39,529,2024-03-07,Purchase,In Transit,Unit art forget positive send budget.
564,73,544,2024-03-13,Inquiry,In Transit,Both edge whatever according none event.
405,289,273,2024-05-09,Inquiry,Pending,Receive stuff carry.
393,472,532,2024-06-07,Purchase,Completed,Claim send seven every.
564,316,77,2024-05-29,Support,Delivered,Left get wonder work marriage five.
388,943,719,2024-05-13,Inquiry,Completed,Sign push season military radio myself under.
852,551,953,2024-05-10,Inquiry,Cancelled,Seek peace phone special until.
883,195,710,2024-02-09,Feedback,In Transit,Too mission nature speak skill piece idea.
61,325,362,2024-05-02,Purchase,Completed,Democrat pattern speak about American ready.
57,934,831,2024-01-09,Support,Pending,Significant paper best herself wide once hold assume.
132,686,897,2024-05-31,Inquiry,In Transit,Couple need world actually food.
457,824,479,2024-03-03,Feedback,Pending,Sound charge full teacher increase agent.
753,41,581,2024-05-05,Purchase,Completed,See born throw before since television computer.
209,681,892,2024-01-07,Purchase,Cancelled,Month Mrs for involve.
255,63,470,2024-03-05,Support,Delivered,Buy scene responsibility range factor itself.
16,601,752,2024-02-05,Purchase,Delivered,Wife stuff exist area term him success most.
341,142,755,2024-05-04,Support,Cancelled,Never never candidate small our.
559,662,335,2024-05-06,Purchase,Completed,Air go might establish.
23,627,321,2024-01-25,Support,Cancelled,Travel finally can country organization office safe.
517,576,535,2024-02-04,Support,Pending,Me avoid citizen over.
938,987,260,2024-02-12,Support,Delivered,Physical explain fine power magazine friend agree.
607,529,201,2024-02-10,Feedback,Pending,Indicate meet rate onto opportunity face rule realize.
597,369,215,2024-05-28,Support,Completed,Professor enter teach apply book they law spring.
916,39,48,2024-03-30,Inquiry,Delivered,Human front article.
732,302,153,2024-01-23,Support,In Transit,Make pull view.
991,414,985,2024-05-24,Purchase,In Transit,Exist lose trouble.
113,86,793,2024-02-25,Inquiry,Cancelled,Song ago miss administration cost.
759,608,345,2024-04-20,Inquiry,In Transit,Go scientist open successful.
94,334,181,2024-03-05,Support,Delivered,Generation ten them join agree word total.
649,883,715,2024-05-14,Support,In Transit,Scene week manager enjoy type apply she most.
59,553,167,2024-03-24,Purchase,In Transit,South piece success bank eye.
477,134,513,2024-05-06,Purchase,Cancelled,Notice local perform benefit parent.
392,897,999,2024-01-09,Feedback,Completed,Small opportunity church high level.
63,390,83,2024-05-22,Purchase,Completed,Candidate instead tree recent speech result visit.
621,540,193,2024-03-11,Inquiry,Cancelled,Never stop benefit high.
702,709,718,2024-05-01,Purchase,In Transit,Response draw few.
721,508,511,2024-04-30,Inquiry,Completed,Professional interest provide.
176,699,166,2024-03-07,Support,Cancelled,Over floor nice true future.
957,669,213,2024-02-08,Purchase,Completed,Single exist animal when.
756,264,27,2024-01-16,Feedback,Delivered,Reflect usually system.
201,874,937,2024-02-18,Support,Cancelled,Necessary rule stay.
57,806,918,2024-06-05,Support,Pending,Model friend reduce third onto.
138,567,554,2024-01-13,Support,Pending,Tonight lawyer her number administration.
173,449,714,2024-02-24,Purchase,In Transit,Month most offer guess himself out food culture.
835,458,684,2024-05-10,Purchase,Delivered,Simply professional difference.
724,197,732,2024-01-10,Feedback,In Transit,Take office heart while.
961,529,248,2024-03-15,Support,Delivered,Large fine effort spend response two five Republican.
606,706,287,2024-05-31,Support,Pending,Television which late list responsibility thus want.
210,678,321,2024-04-21,Purchase,Cancelled,Himself themselves hand allow.
727,102,286,2024-01-24,Support,Cancelled,Program trip space organization always area beyond ahead.
496,532,937,2024-06-09,Purchase,Delivered,Drop hope Mrs story short sing.
1000,544,596,2024-05-24,Feedback,Pending,Specific total old despite see manager my fall.
579,513,882,2024-05-18,Feedback,Cancelled,Partner lay from degree fight manager state probably.
176,411,135,2024-06-05,Feedback,Pending,Difficult job those success popular hit.
663,208,578,2024-05-05,Feedback,Pending,Nor kid send create focus hear.
146,823,615,2024-03-17,Support,In Transit,Price reason year.
435,996,895,2024-04-13,Feedback,Cancelled,Light something method property record.
264,760,149,2024-05-16,Feedback,Cancelled,Early front draw seat.
64,299,590,2024-01-12,Feedback,Pending,Democratic tell information war out remember.
620,74,452,2024-04-18,Support,In Transit,Central too indicate art under line skill.
30,236,968,2024-05-19,Feedback,Completed,Expect course vote weight less expect fill protect.
403,439,501,2024-04-18,Support,In Transit,Media leader list meet campaign new.
198,565,318,2024-05-28,Inquiry,In Transit,Simply that thank affect.
709,443,838,2024-03-01,Inquiry,Completed,Piece reflect herself.
336,859,94,2024-04-28,Inquiry,Delivered,National already region treatment because great.
639,228,611,2024-05-31,Support,Delivered,Relationship several news relate cell approach new.
181,670,21,2024-02-25,Support,Cancelled,Arrive two force seem make long best.
644,381,251,2024-04-01,Inquiry,Completed,Catch land wrong health young wind threat.
974,966,174,2024-05-19,Inquiry,Completed,Mrs season sign lose.
153,525,7,2024-04-14,Feedback,Completed,Civil pressure rock identify wide health choose.
11,962,138,2024-03-07,Purchase,Completed,Marriage first fact strong west.
906,529,226,2024-03-08,Purchase,Delivered,Election lose shoulder daughter car Mr.
845,880,593,2024-04-29,Inquiry,Delivered,Protect save where be everybody recent general.
300,836,345,2024-04-25,Inquiry,Completed,Occur race indeed use various investment.
98,242,866,2024-03-05,Feedback,Completed,Common lawyer study maintain which.
835,70,694,2024-02-04,Feedback,Cancelled,Already hotel consumer natural.
863,760,875,2024-01-24,Purchase,Cancelled,Politics Congress whom guy until past deep four.
185,144,415,2024-02-29,Purchase,Completed,Live challenge officer carry attack.
544,799,84,2024-05-23,Inquiry,Completed,Worry second less stop.
580,687,54,2024-05-16,Purchase,In Transit,Current mind treatment great.
276,518,606,2024-01-05,Purchase,In Transit,Democrat ready provide station middle.
586,295,649,2024-03-31,Purchase,Pending,Rock process many language many.
209,187,280,2024-05-13,Feedback,Cancelled,Population laugh save job.
999,150,307,2024-05-08,Purchase,Completed,Radio outside yet data.
552,918,213,2024-05-14,Support,Completed,Sit discussion mean range study sing gas.
829,474,448,2024-06-03,Support,In Transit,Market author nothing Mr control owner child.
530,459,708,2024-01-20,Support,Pending,Need heavy Republican cultural course.
922,509,409,2024-01-23,Feedback,In Transit,So discuss whose foreign similar board thing.
717,338,340,2024-03-20,Inquiry,Delivered,First democratic officer direction like team member.
565,606,820,2024-02-19,Support,Completed,Grow last board reflect.
798,791,406,2024-04-14,Feedback,Completed,Discuss serve popular recognize notice beyond letter.
135,519,404,2024-04-11,Support,Pending,Chair west grow black detail line.
94,124,400,2024-03-29,Feedback,Delivered,Partner about necessary instead civil process word.
635,582,448,2024-04-23,Purchase,Pending,Or onto available pass movie those performance.
517,413,681,2024-03-16,Support,Completed,Once into find later camera yes.
399,715,804,2024-02-29,Support,Delivered,Building continue within expert picture across these.
955,271,435,2024-02-16,Feedback,Delivered,Effort admit key sing film first head early.
858,942,665,2024-03-04,Inquiry,In Transit,Yourself morning significant safe.
797,353,31,2024-03-11,Support,In Transit,Fight test forward writer tree manage line.
538,219,757,2024-03-26,Purchase,In Transit,Large across set time expect situation.
696,331,696,2024-02-29,Feedback,Pending,Into feeling easy large class.
468,668,681,2024-05-18,Feedback,In Transit,Happen relate lay through design.
32,51,962,2024-04-24,Support,Completed,Development everything might support here program.
55,570,398,2024-04-19,Inquiry,Delivered,Wear future style interesting ago couple.
341,568,515,2024-03-05,Feedback,Delivered,Need just himself responsibility television bill opportunity.
923,175,500,2024-04-09,Feedback,Cancelled,Outside result memory prevent.
137,761,390,2024-02-28,Support,Completed,Fund quite four culture watch common.
903,171,547,2024-05-28,Inquiry,In Transit,These pick Mr half bring safe.
398,659,137,2024-01-20,Support,Cancelled,Near ability yes responsibility teach political big.
382,742,152,2024-03-30,Inquiry,Pending,Skin small suffer age seat.
436,783,477,2024-05-28,Feedback,Cancelled,Also expect leave yourself might discover read.
492,538,70,2024-01-18,Inquiry,Delivered,Imagine woman month fear garden.
961,977,962,2024-01-05,Inquiry,Cancelled,Public community capital recent new enter.
601,613,644,2024-05-26,Support,Completed,Idea among account them sometimes.
479,701,709,2024-01-12,Inquiry,Cancelled,Truth make several make modern she season.
738,742,263,2024-05-02,Support,Completed,Picture well body argue lose lose.
125,297,572,2024-01-17,Support,Delivered,Worker could either least sea technology.
917,862,514,2024-01-18,Support,Cancelled,Customer official night industry because natural.
811,710,30,2024-04-05,Support,Delivered,Dream pull people reflect.
413,276,154,2024-01-04,Feedback,Pending,Young baby hope production.
756,670,776,2024-04-03,Inquiry,In Transit,Color often others teacher year.
523,356,418,2024-04-26,Inquiry,Delivered,Condition region under nor note leave ready house.
179,205,485,2024-02-29,Purchase,In Transit,Popular bed them within.
951,190,820,2024-05-12,Feedback,Delivered,Speech language position simple treatment.
959,365,383,2024-05-23,Purchase,Pending,Out prove herself action.
73,30,655,2024-06-02,Purchase,In Transit,Claim to social town.
609,450,720,2024-03-19,Inquiry,Cancelled,Wait human shake attack.
763,188,886,2024-02-02,Purchase,Delivered,Order thing that job go you.
557,647,859,2024-05-28,Feedback,Pending,Actually gas look one son scientist.
981,148,297,2024-05-31,Purchase,In Transit,Much foot production card church actually.
84,54,588,2024-04-01,Support,Completed,Determine artist response continue behind what race.
831,787,192,2024-01-05,Feedback,Delivered,Create her then task east.
178,287,908,2024-04-17,Inquiry,Delivered,Need teach vote card each down approach.
800,720,159,2024-04-15,Feedback,Completed,Whom daughter second decade record campaign her.
87,971,505,2024-04-18,Inquiry,Delivered,Short class activity fire remember response.
724,533,492,2024-03-17,Purchase,Completed,Among hospital writer top itself me.
53,654,71,2024-05-19,Purchase,Pending,Expect glass director up tree.
881,513,498,2024-05-25,Support,Pending,Author bring leader garden total hundred remain.
343,167,864,2024-05-06,Inquiry,Delivered,Take training quickly drive however television.
633,742,363,2024-01-04,Support,In Transit,Event different simply us sister speak.
701,895,233,2024-04-09,Inquiry,Delivered,Next people always send throw culture rest.
614,502,166,2024-04-15,Support,Completed,Benefit international mission nothing argue property see use.
875,336,84,2024-02-10,Inquiry,Pending,Yourself great produce turn political she.
176,453,976,2024-01-27,Support,Pending,Trouble I concern who design former.
568,890,773,2024-04-12,Support,Completed,Difference traditional structure official mention huge herself.
543,94,818,2024-04-09,Purchase,Delivered,Mrs trouble analysis may reflect cup.
594,644,373,2024-04-29,Inquiry,Cancelled,Thank four most me.
85,214,773,2024-06-01,Purchase,Delivered,Similar several past direction.
360,160,635,2024-04-03,Feedback,In Transit,Whether little she despite hit.
263,252,948,2024-02-09,Support,Completed,With bring maintain.
826,82,964,2024-05-30,Support,Completed,Agent language easy practice decide risk boy.
910,63,376,2024-04-06,Feedback,Cancelled,Author reason middle difference put general ready southern.
755,140,728,2024-03-27,Purchase,Cancelled,Grow remember stock team over market like town.
60,624,194,2024-04-29,Purchase,Delivered,And star mention very majority public.
220,914,72,2024-04-23,Support,Cancelled,Product coach floor effect.
749,201,162,2024-05-23,Feedback,Completed,It bar best involve traditional.
1,245,339,2024-05-02,Feedback,Delivered,Personal threat everything stop minute list.
113,740,728,2024-06-08,Feedback,Pending,Anyone board which gas important leave serve.
600,120,245,2024-04-19,Support,Completed,Age movement push movie.
985,250,350,2024-05-19,Purchase,In Transit,Summer party eye describe I avoid meeting.
385,134,577,2024-03-12,Support,In Transit,Enter crime now fill.
505,698,186,2024-03-01,Feedback,Cancelled,Stop dog call recently consumer exactly.
20,185,571,2024-06-05,Inquiry,Pending,Rich himself fire thank coach.
306,624,143,2024-03-06,Purchase,Cancelled,Draw job ready.
352,755,824,2024-02-15,Inquiry,Completed,Center that federal interest unit course.
885,911,364,2024-02-16,Support,Completed,Hospital best identify final up experience.
815,827,622,2024-04-16,Feedback,Completed,Six production school child rule.
537,596,488,2024-02-22,Feedback,Cancelled,Energy gun training room leader.
770,696,128,2024-05-15,Inquiry,Delivered,It language community pick property after quality.
25,69,68,2024-03-13,Support,Completed,Anyone meet news choose thank hold none.
913,369,850,2024-04-12,Support,Pending,Seven bed enter answer research.
645,420,651,2024-01-25,Feedback,Pending,Gas others sell two.
953,96,377,2024-02-07,Inquiry,In Transit,Herself support impact note eat.
403,708,189,2024-03-03,Purchase,Completed,House hot focus face.
150,507,241,2024-05-14,Support,Completed,Commercial cost tend once.
961,219,266,2024-01-20,Inquiry,Cancelled,Quite plan article use attorney adult.
291,29,132,2024-01-22,Feedback,In Transit,Production information here.
638,307,304,2024-01-07,Inquiry,Cancelled,Answer crime seven most politics.
335,742,120,2024-05-08,Inquiry,Cancelled,Huge than admit reason item security million put.
864,921,844,2024-05-01,Support,Completed,Miss find kid lot Mr film.
995,293,408,2024-02-10,Feedback,In Transit,Western together employee author laugh out.
654,55,294,2024-04-25,Purchase,Completed,Keep difficult which.
32,2,355,2024-04-26,Support,Pending,Land certainly deep may doctor show.
508,12,148,2024-02-05,Inquiry,Delivered,Pass to letter produce choose military.
23,792,685,2024-06-09,Support,In Transit,Skill management grow difficult.
730,454,777,2024-05-25,Inquiry,Cancelled,Cause job wonder free method understand.
499,162,856,2024-05-15,Inquiry,Cancelled,Short according response reason form support enjoy.
464,381,609,2024-06-07,Purchase,In Transit,Plan maybe son hotel evening.
381,278,507,2024-03-11,Purchase,Delivered,Main send money its lawyer which matter including.
887,797,580,2024-02-20,Purchase,In Transit,Part Congress institution include political like can none.
219,135,760,2024-04-10,Feedback,Delivered,Pm road determine total sound after movie beyond.
704,936,901,2024-03-14,Purchase,Completed,Although front school eight ready but how.
238,660,759,2024-01-16,Feedback,Pending,Remain house when.
541,356,751,2024-03-26,Feedback,Pending,Since spring leader religious head.
880,196,271,2024-02-08,Feedback,In Transit,Success country arrive loss upon benefit.
834,237,807,2024-05-25,Purchase,Cancelled,Great sister provide itself factor mention.
907,933,656,2024-02-20,Feedback,Cancelled,Number phone wonder believe activity example heavy.
523,574,68,2024-01-22,Inquiry,Pending,Change because though.
517,748,970,2024-05-12,Purchase,In Transit,West with add TV letter.
15,741,114,2024-04-22,Feedback,In Transit,Rate decide statement certainly.
364,875,429,2024-05-02,Inquiry,In Transit,Parent character international red part scene early interesting.
220,229,493,2024-02-21,Support,In Transit,Red all clear according from whose no dinner.
76,888,209,2024-02-13,Purchase,Pending,Dog result unit story actually.
94,732,553,2024-04-02,Feedback,In Transit,Pull water moment whatever.
114,628,565,2024-04-25,Feedback,Pending,Cultural direction skin remain simply cold early.
166,830,652,2024-05-06,Purchase,Pending,Simply child play approach brother later.
558,245,541,2024-02-07,Inquiry,In Transit,Another painting any phone teach.
559,576,895,2024-05-16,Support,Cancelled,Approach source part letter share walk.
864,918,1000,2024-01-19,Purchase,In Transit,Not simple interview ask consumer.
314,42,993,2024-03-07,Inquiry,Cancelled,Right defense onto dog them something.
88,143,890,2024-01-21,Feedback,Pending,Maybe across consumer lay question professor economic happy.
26,257,826,2024-01-29,Purchase,Pending,Really worker ask.
594,190,979,2024-04-07,Inquiry,Pending,Different just front arrive owner city it note.
208,22,452,2024-05-17,Feedback,Cancelled,Mother town key media.
841,360,832,2024-04-04,Purchase,Completed,Lose article fine language.
995,119,148,2024-03-21,Feedback,Delivered,Support century well young.
634,482,980,2024-02-28,Purchase,Pending,Carry anyone more discuss memory list law.
248,588,426,2024-04-13,Purchase,Cancelled,Leader security family always.
403,429,453,2024-05-02,Feedback,Pending,Try couple he run gas whatever.
303,370,176,2024-03-20,Inquiry,Delivered,High stock husband thank push ball.
858,662,389,2024-03-15,Inquiry,In Transit,Know new offer economic film arm staff like.
712,191,877,2024-04-04,Support,Completed,Which example behind wall even.
714,613,426,2024-05-07,Inquiry,Pending,Thank one benefit I bring space few easy.
558,513,125,2024-06-02,Purchase,Delivered,Sometimes relationship hold hair best sit organization choice.
494,710,855,2024-01-29,Feedback,Cancelled,Per just lead American hit toward.
635,730,412,2024-02-12,Inquiry,Pending,Laugh building skin here guy can defense.
80,419,475,2024-04-09,Support,In Transit,Instead hair north artist street movement defense.
278,502,342,2024-04-27,Purchase,Delivered,Scene ok attention keep opportunity ago.
296,651,684,2024-04-05,Support,Pending,Price serve carry fish tax option.
248,542,978,2024-04-04,Inquiry,Pending,Magazine sister physical myself.
500,638,434,2024-03-31,Support,Delivered,Brother very because ground again.
95,477,813,2024-02-22,Support,Completed,Personal enter pattern ability window.
838,297,710,2024-04-09,Purchase,Pending,Room likely everything as probably.
872,931,905,2024-04-28,Feedback,Delivered,Or sort prove per service old us discuss.
434,152,286,2024-06-05,Feedback,Completed,Reality fight forget person everything.
340,406,222,2024-02-07,Support,In Transit,Share for popular represent traditional make.
254,914,618,2024-04-20,Inquiry,Cancelled,Crime better successful organization beat.
167,862,983,2024-04-28,Purchase,In Transit,Huge throw debate front perhaps.
492,760,157,2024-01-18,Support,Cancelled,However although long long fill check dark.
697,221,773,2024-01-01,Feedback,Delivered,Measure government force politics.
646,346,313,2024-03-31,Purchase,In Transit,Focus head special process.
604,134,482,2024-06-05,Inquiry,Completed,Source scene specific.
140,647,879,2024-05-14,Feedback,Cancelled,Weight throughout able successful culture example.
861,599,52,2024-05-08,Support,In Transit,Heavy entire instead imagine thank.
22,815,334,2024-01-02,Purchase,Completed,Tree mother very when world.
449,813,525,2024-05-15,Inquiry,Delivered,Officer today free see.
644,585,749,2024-04-15,Support,Cancelled,Computer same claim suffer quality.
712,600,435,2024-05-30,Inquiry,Completed,Worry can analysis.
613,354,250,2024-03-22,Purchase,Completed,Ever news site in.
131,67,247,2024-04-28,Feedback,Pending,Compare party effort economy gun back.
835,923,798,2024-01-17,Feedback,Pending,Thought still professional firm goal.
587,986,632,2024-04-16,Feedback,In Transit,Road of high mean arm fast.
824,573,142,2024-01-02,Feedback,In Transit,Reflect some significant may claim.
794,341,373,2024-03-02,Feedback,Pending,Line today attention off onto.
408,778,352,2024-05-18,Support,Completed,Design pattern despite address list our.
280,904,695,2024-06-04,Feedback,Completed,Official relationship small rock court trade.
443,506,598,2024-01-20,Feedback,Cancelled,Cause success community give week green standard.
529,438,592,2024-05-05,Support,Completed,Mother view get set draw.
349,878,897,2024-05-07,Inquiry,Delivered,He simply alone budget hour.
309,380,598,2024-01-24,Support,Delivered,Ready senior require executive increase home bill.
494,732,199,2024-03-23,Feedback,Completed,Yes top challenge feel if later fire.
971,805,276,2024-02-04,Support,Cancelled,Goal ability image way strategy professor sometimes.
873,760,708,2024-04-27,Inquiry,In Transit,No radio else artist popular thing watch.
381,170,573,2024-01-29,Inquiry,Delivered,Everything protect safe.
204,913,123,2024-03-16,Purchase,Delivered,Partner anything determine red who spring economic.
182,395,723,2024-04-19,Purchase,Delivered,Cut several need.
348,762,961,2024-04-19,Inquiry,Delivered,Close lead may friend strong up need.
833,976,745,2024-02-25,Inquiry,Delivered,Place break name during somebody page.
593,7,944,2024-02-28,Purchase,Cancelled,Nice police indeed industry father.
969,710,287,2024-05-18,Support,Delivered,Mrs ask act five happen small agency.
328,755,125,2024-04-26,Feedback,Cancelled,Describe seek win those young structure though.
336,412,771,2024-05-15,Feedback,Pending,Common memory present.
401,123,727,2024-04-02,Feedback,Cancelled,Friend something share onto name.
532,396,523,2024-02-03,Purchase,Cancelled,Shake center suddenly learn fund.
360,198,751,2024-01-29,Support,In Transit,Civil control type land outside whatever despite.
862,229,467,2024-02-24,Support,In Transit,Tax about option night.
486,274,106,2024-06-03,Inquiry,Completed,Others would stand organization will well war.
489,660,340,2024-01-11,Support,Completed,Notice woman beautiful top ball price lose soon.
411,192,763,2024-03-22,Feedback,In Transit,Husband high summer environmental finally.
163,629,584,2024-02-20,Feedback,Cancelled,Teacher her represent rate.
527,656,97,2024-02-19,Support,Completed,Official soon ever statement raise relate really plan.
25,726,6,2024-02-04,Feedback,Cancelled,Again hold body power mind either.
749,714,454,2024-06-06,Inquiry,Delivered,They piece practice media design too.
879,878,171,2024-01-06,Purchase,Completed,Race least water play.
550,700,946,2024-01-02,Purchase,Pending,Fund shoulder both after stop fly sea.
156,887,279,2024-05-27,Feedback,Completed,There off wear though work strategy carry charge.
39,104,895,2024-02-10,Purchase,Delivered,Town shake activity believe because.
973,453,673,2024-02-25,Feedback,In Transit,Born wait from daughter.
177,665,406,2024-06-04,Support,Completed,Such dream create offer wonder ten according speak.
946,706,943,2024-02-21,Inquiry,Completed,Since cover early carry.
426,538,614,2024-01-28,Support,Delivered,Then surface because can.
322,459,675,2024-04-09,Purchase,Completed,Morning including theory international read.
752,957,540,2024-04-28,Purchase,Cancelled,Business cost within people look into.
805,768,406,2024-01-10,Support,Delivered,Week close want box future road election.
325,271,708,2024-04-03,Support,Pending,High still water.
33,869,898,2024-01-08,Support,Pending,Attack big minute baby.
965,329,538,2024-05-09,Purchase,Completed,Well office wonder follow right ok.
158,817,33,2024-02-25,Feedback,Delivered,Oil hard worker model under answer phone continue.
900,182,289,2024-04-28,Inquiry,Pending,Attorney pattern case energy somebody.
59,22,343,2024-01-12,Purchase,Completed,Rate yes perhaps protect society enjoy.
484,156,556,2024-04-21,Purchase,Completed,Tv how then billion.
233,270,29,2024-01-26,Support,Delivered,Goal term item.
231,496,788,2024-04-30,Inquiry,Completed,Interesting throw color under president.
636,833,627,2024-03-22,Feedback,Cancelled,Suffer play easy short.
933,558,46,2024-05-01,Purchase,In Transit,Tonight country society water.
241,229,342,2024-01-18,Support,Completed,Option college consumer put we interview around reason.
144,711,299,2024-01-31,Inquiry,Cancelled,Member laugh someone bill natural yet.
796,532,936,2024-02-08,Support,In Transit,With any customer nice behind item.
796,461,571,2024-03-09,Support,In Transit,Whose chance add do time site.
538,872,977,2024-02-15,Inquiry,In Transit,Firm church pay crime majority different customer.
800,455,947,2024-02-11,Support,Pending,Hard discover PM word cold.
283,212,827,2024-02-06,Support,Cancelled,Character customer hour return concern positive civil.
262,127,42,2024-03-06,Purchase,Completed,When air old any.
41,618,690,2024-04-18,Inquiry,Delivered,Make game look compare describe everybody.
702,470,302,2024-02-22,Feedback,In Transit,Draw range condition option father.
800,558,42,2024-01-27,Inquiry,In Transit,To agent minute chance price.
850,657,595,2024-05-06,Support,Completed,Miss off cover worry ago speech.
576,264,727,2024-02-28,Inquiry,Delivered,Capital arrive radio.
183,541,310,2024-01-19,Purchase,Pending,Require enter let election.
224,713,630,2024-04-08,Purchase,Delivered,Which deal test.
667,223,839,2024-01-15,Purchase,In Transit,Up heart property meeting make.
319,946,169,2024-04-20,Inquiry,In Transit,Mission past exactly near would total home.
285,121,905,2024-06-09,Inquiry,Pending,Project prepare home ahead perform.
904,546,280,2024-01-05,Purchase,Completed,Join end activity nature rock.
699,941,688,2024-06-04,Purchase,Completed,White account crime fund face fly behavior.
686,867,865,2024-06-03,Support,Cancelled,Day memory message beyond a.
17,607,459,2024-05-02,Purchase,Completed,Current public need own culture.
519,432,957,2024-03-14,Inquiry,Cancelled,Someone employee tend rate wall.
281,832,930,2024-05-13,Feedback,Completed,Politics past long turn.
711,465,303,2024-04-08,Purchase,Delivered,Receive base both create last economic indeed.
119,713,461,2024-05-26,Support,Cancelled,Yeah report water.
211,511,444,2024-05-12,Inquiry,In Transit,Show process despite nothing maintain.
53,80,594,2024-01-29,Purchase,Pending,Friend house strategy decide who.
708,876,984,2024-03-11,Purchase,Cancelled,Just quickly our loss Mrs reflect sound.
621,875,660,2024-05-22,Inquiry,Cancelled,Series meeting special rich room position think.
939,280,592,2024-05-29,Inquiry,Completed,Out agree fall bed.
800,393,471,2024-05-07,Purchase,Delivered,Address arm country new walk project.
583,108,906,2024-03-09,Inquiry,Cancelled,Look fear page director blue try occur firm.
338,517,202,2024-01-30,Inquiry,Completed,Above fall girl true defense.
483,433,292,2024-05-15,Support,Delivered,Yes investment world.
486,504,664,2024-04-09,Inquiry,Pending,Able example space although.
479,560,241,2024-04-15,Support,Completed,Foot public alone join tax development.
217,663,570,2024-01-12,Feedback,Cancelled,Allow move air student.
307,382,136,2024-05-14,Purchase,Pending,Individual control must today leg hot campaign.
137,651,559,2024-05-01,Support,In Transit,Share professor church party appear.
972,212,522,2024-05-05,Support,In Transit,North among since red.
4,837,973,2024-03-28,Purchase,Cancelled,Difficult nothing throw during stay country process.
277,71,904,2024-05-05,Feedback,Completed,Last along school seem.
360,919,713,2024-01-31,Inquiry,Pending,Push necessary audience local end interest.
386,771,385,2024-06-09,Feedback,In Transit,Follow attorney blood keep deal.
994,493,479,2024-04-13,Support,Delivered,Democrat way industry result life.
281,759,256,2024-05-28,Purchase,Delivered,Support commercial appear take enter thousand.
177,631,929,2024-02-29,Support,Cancelled,Response size hotel game.
11,957,605,2024-02-07,Inquiry,Cancelled,Forget concern win cause talk effort of.
161,193,716,2024-01-13,Purchase,Delivered,Attention feel mission off.
660,304,862,2024-05-07,Purchase,Cancelled,Oil where read.
24,845,594,2024-01-07,Feedback,Delivered,Allow read ground those.
508,971,842,2024-02-12,Inquiry,Pending,None remain around evening.
904,148,265,2024-03-02,Support,Cancelled,Understand light cause matter process.
886,757,454,2024-02-29,Feedback,Delivered,Than professor sport today turn charge free amount.
580,257,746,2024-01-31,Inquiry,Pending,Toward analysis dog he less.
862,124,150,2024-04-05,Support,Completed,Food during deal type parent account determine beautiful.
733,168,202,2024-01-19,Feedback,Pending,Guess condition director.
6,297,462,2024-04-02,Support,Pending,Perform job little particular individual.
613,234,104,2024-05-28,Purchase,Cancelled,House first clearly attack.
412,340,834,2024-01-05,Feedback,Completed,Bar feel up indicate.
200,637,800,2024-04-20,Purchase,In Transit,Free building speak reason drop fire.
168,517,911,2024-04-09,Purchase,Cancelled,Stand stuff late.
525,803,274,2024-05-18,Support,Pending,Computer when above stuff light democratic perform.
144,921,911,2024-03-21,Inquiry,Delivered,Reflect open walk garden.
748,618,240,2024-02-02,Feedback,Cancelled,Worry anything according cost think example appear inside.
131,968,939,2024-05-20,Inquiry,Cancelled,Might point mother decade me have camera forward.
645,288,10,2024-01-29,Inquiry,Delivered,Soon field debate Republican common everybody off.
318,211,260,2024-04-17,Support,Delivered,Offer mention wall agency speak.
761,146,788,2024-01-11,Support,Delivered,Include glass responsibility statement operation voice drop.
720,255,413,2024-01-12,Support,Delivered,Lead within research station.
110,550,212,2024-03-19,Inquiry,Cancelled,Nature significant laugh road suffer.
472,190,31,2024-01-11,Purchase,Completed,Answer charge wind course.
130,849,742,2024-03-07,Support,Cancelled,Local it majority try main unit financial.
319,204,125,2024-01-15,Inquiry,Pending,Huge section thing anyone international claim.
650,916,30,2024-01-06,Purchase,Cancelled,Relate effect sister.
594,913,298,2024-03-09,Inquiry,In Transit,Fish school it alone.
404,954,202,2024-06-02,Purchase,Completed,Decade whatever guy case difference media late.
263,479,490,2024-03-16,Feedback,In Transit,Moment us final himself expert environment.
124,518,850,2024-01-14,Support,Completed,Consider believe us series.
183,688,19,2024-01-26,Feedback,Delivered,Value kind relationship back marriage list seek a.
661,536,98,2024-05-15,Purchase,Pending,Decide southern scientist building fund radio last.
366,336,609,2024-01-23,Purchase,Pending,Which beat cost.
344,120,384,2024-05-05,Support,In Transit,Best eye church top federal long spend.
933,761,746,2024-02-02,Support,Cancelled,Cut machine safe respond rather point Congress.
160,521,644,2024-02-17,Inquiry,Completed,Message cost ground table several actually project them.
402,863,818,2024-04-21,Inquiry,Cancelled,System center peace.
345,894,785,2024-05-25,Purchase,Cancelled,Character continue during technology site mother and.
941,971,169,2024-05-28,Purchase,Cancelled,First charge case stop story hour.
166,397,861,2024-03-29,Support,Delivered,Allow itself right big scene let.
446,12,215,2024-04-25,Purchase,Delivered,Skill kid amount nature language amount sometimes.
596,981,975,2024-03-27,Support,Delivered,Respond building leave happen image our.
996,877,307,2024-01-20,Feedback,In Transit,North good make.
487,194,513,2024-02-09,Inquiry,Completed,Employee government top investment.
717,415,441,2024-05-03,Inquiry,Completed,Ball special gun sister article.
282,96,1,2024-05-03,Purchase,Delivered,Staff former watch allow front house.
959,676,785,2024-02-27,Feedback,Completed,Join order nature safe truth happen.
810,320,101,2024-04-13,Support,In Transit,First speech animal.
952,265,627,2024-05-08,Purchase,Completed,Especially movement significant health own.
934,76,976,2024-01-05,Feedback,Completed,Special type approach where rather represent professor relationship.
953,878,515,2024-03-21,Feedback,Pending,Cup floor magazine test after paper.
906,564,131,2024-02-19,Feedback,In Transit,White prove other glass individual.
263,943,584,2024-05-05,Inquiry,In Transit,Free so ahead little onto plant art.
236,745,595,2024-02-14,Feedback,Completed,Until foot brother fact.
562,667,822,2024-05-06,Purchase,In Transit,Real big religious help.
17,58,595,2024-04-30,Support,Pending,Guess someone person senior end.
674,320,223,2024-05-04,Support,Delivered,Cost name reason day attention.
487,29,725,2024-01-03,Support,Delivered,Director decision Republican put measure.
647,486,16,2024-03-18,Support,Completed,Seek outside want.
108,314,262,2024-01-02,Purchase,In Transit,System subject painting partner senior do.
537,412,786,2024-02-14,Feedback,Delivered,Ago true analysis political effort page music.
875,448,356,2024-05-05,Feedback,Cancelled,Author agree story fear should treatment.
643,694,774,2024-01-01,Feedback,Cancelled,Bag including available decision wonder.
792,684,191,2024-04-11,Purchase,Pending,Site though good north career.
343,288,726,2024-04-08,Purchase,Delivered,General hair baby four movement.
398,711,341,2024-03-16,Feedback,Delivered,Firm east letter hundred edge public notice.
20,595,452,2024-05-25,Inquiry,Delivered,Through their require special better.
810,28,850,2024-01-06,Support,Completed,Sit who mouth remember keep.
834,376,545,2024-02-10,Purchase,Cancelled,Situation bill style college.
133,137,310,2024-02-23,Feedback,Delivered,Such drop race size economic go.
118,957,260,2024-05-01,Support,In Transit,Increase wife similar attorney.
668,650,315,2024-04-25,Purchase,In Transit,Individual tell lose week.
397,855,886,2024-05-23,Support,In Transit,Consumer single enter wrong admit three probably member.
502,195,446,2024-01-26,Inquiry,Pending,Poor product each human.
816,508,184,2024-04-25,Support,Cancelled,Ground into ok laugh agent dinner serious vote.
912,819,510,2024-01-30,Support,Delivered,Paper must wish and several front yourself serve.
353,111,275,2024-02-23,Purchase,Cancelled,Forget major prepare laugh direction their.
365,360,107,2024-02-28,Feedback,Pending,Especially exactly town car.
623,515,963,2024-02-04,Purchase,In Transit,Save record history movie window night happen.
253,126,675,2024-01-22,Inquiry,Delivered,Method must rise within three source how.
347,46,327,2024-01-31,Support,Delivered,Cost mean cost than grow before.
919,272,691,2024-03-24,Feedback,Completed,Program news dinner grow foreign feeling return.
261,526,865,2024-03-23,Inquiry,Delivered,Care our wrong.
491,238,155,2024-05-09,Inquiry,Cancelled,Billion local concern hair security together.
337,642,808,2024-05-16,Feedback,Cancelled,Step learn big.
708,676,211,2024-03-05,Feedback,Cancelled,Require term them teacher.
404,512,41,2024-03-24,Purchase,Pending,So plant only system six can serve.
923,470,508,2024-05-22,Feedback,Cancelled,Another political sea.
846,41,533,2024-04-27,Support,Completed,Picture media us risk want year building husband.
451,683,86,2024-04-22,Inquiry,Completed,Professor trip public soldier TV nature him.
53,665,18,2024-03-08,Feedback,Delivered,Trial service dog remember.
216,356,269,2024-01-14,Support,In Transit,Friend court doctor dinner tough I.
82,573,327,2024-02-16,Feedback,Pending,Theory hot task soon require idea.
584,150,377,2024-01-12,Feedback,Cancelled,Daughter any color budget lay back food.
344,396,81,2024-05-01,Purchase,Completed,Government figure seven respond see move writer.
712,75,207,2024-05-05,Support,Cancelled,Century finally security sort.
975,301,516,2024-05-17,Purchase,Pending,Tv first style four contain second occur region.
839,438,504,2024-04-14,Inquiry,Completed,Address sit big drop skin window article.
957,22,947,2024-01-11,Support,Pending,My rate letter tree mean step want.
163,43,740,2024-04-09,Support,In Transit,Role enjoy eat me also.
593,272,657,2024-05-29,Feedback,Cancelled,Indicate win task our public.
862,281,453,2024-04-03,Inquiry,Pending,Reflect anyone after office way example section.
830,909,53,2024-03-26,Support,In Transit,Candidate strategy truth whatever itself garden.
85,292,942,2024-04-10,Feedback,Completed,Rock mind carry toward face.
135,85,963,2024-05-25,Support,Delivered,Offer good fall protect physical.
839,862,448,2024-05-24,Purchase,Completed,Company energy across collection.
923,59,510,2024-02-16,Inquiry,Delivered,Require movement should sign civil main.
555,991,604,2024-03-25,Inquiry,Pending,Bank really government try eight science keep.
726,403,873,2024-02-15,Support,Cancelled,Result apply rate community action brother glass sign.
90,63,47,2024-05-27,Inquiry,Pending,State mean middle case.
964,554,710,2024-01-17,Support,Cancelled,Teacher or old home throughout person.
952,730,870,2024-01-12,Feedback,Cancelled,A though let kitchen specific consumer.
355,593,81,2024-02-26,Inquiry,Delivered,Get price man field successful.
403,844,478,2024-03-24,Feedback,Delivered,Figure strategy account upon.
144,909,341,2024-05-18,Support,In Transit,Since remember section manage miss.
886,932,497,2024-01-11,Feedback,Pending,Stuff usually data serve talk.
894,599,997,2024-01-29,Inquiry,Delivered,Teacher baby degree public contain.
505,267,802,2024-04-28,Feedback,Delivered,National among table such collection.
711,210,636,2024-04-09,Purchase,Cancelled,Address reach free perhaps.
511,578,345,2024-04-11,Feedback,Cancelled,Street system pay.
977,461,634,2024-05-22,Purchase,Cancelled,Money later story worry.
589,680,743,2024-05-30,Feedback,Cancelled,Tree account admit.
606,233,484,2024-03-06,Feedback,Completed,Church dinner worker even.
657,303,989,2024-01-27,Purchase,In Transit,Husband choice feel or environmental staff.
507,641,753,2024-01-19,Inquiry,Cancelled,Before close environment admit building meeting.
149,745,645,2024-01-31,Feedback,Cancelled,Because score tax from sense black evening class.
841,379,956,2024-03-16,Feedback,Completed,Per across performance across.
498,455,916,2024-05-21,Inquiry,Delivered,Thus down region remember street.
868,674,808,2024-02-09,Feedback,In Transit,Early technology yes analysis music enough consumer question.
393,434,337,2024-02-18,Purchase,Delivered,However outside site bad stay public.
828,487,723,2024-02-14,Inquiry,Completed,Majority floor ability stuff order during.
260,444,718,2024-02-08,Inquiry,Completed,Involve official draw unit military reveal degree serious.
792,3,702,2024-04-28,Feedback,In Transit,Price heart night career space result.
297,612,924,2024-05-17,Feedback,Pending,Capital left fund you without beautiful to.
671,768,698,2024-02-12,Purchase,Cancelled,Radio good debate democratic discover action he.
57,355,840,2024-05-03,Support,In Transit,Build food enjoy with value national yet.
660,337,61,2024-01-11,Support,Completed,Feel to toward ask trial.
981,199,360,2024-03-14,Feedback,Completed,Health model body ready nor strong else.
184,948,776,2024-01-14,Purchase,Cancelled,Issue service management finally bag.
679,368,260,2024-03-01,Inquiry,Cancelled,Need scene fund policy executive red performance.
467,997,211,2024-04-29,Purchase,Delivered,Join spend civil require thousand teacher.
114,495,675,2024-05-15,Support,In Transit,Move I truth positive address including.
561,519,694,2024-03-26,Purchase,In Transit,Prepare each easy check choose oil budget.
217,316,907,2024-04-15,Feedback,Cancelled,Shake figure safe ahead more view upon.
388,422,547,2024-04-01,Feedback,Cancelled,Kid seek training ground century.
696,282,815,2024-01-09,Support,Cancelled,Born trip real site instead across.
242,463,3,2024-03-08,Support,Pending,Meet tell feel middle blue choose.
848,732,356,2024-06-06,Support,Delivered,Able sea reveal develop ahead.
901,367,801,2024-05-26,Support,Pending,Couple sound compare create.
607,365,383,2024-05-03,Inquiry,Cancelled,Occur relationship all contain arm no.
946,102,747,2024-02-13,Support,In Transit,When sing or national to.
274,953,460,2024-05-19,Inquiry,Pending,Tell trade between third student town.
965,490,716,2024-03-18,Purchase,Delivered,Ready seven product possible.
125,341,730,2024-04-20,Support,Pending,Someone they understand author computer.
421,448,23,2024-03-23,Support,Delivered,Natural word history follow.
546,30,820,2024-05-13,Support,Delivered,Result appear memory beautiful.
486,963,554,2024-04-12,Inquiry,In Transit,Address increase commercial term.
14,73,955,2024-02-02,Purchase,Completed,Employee night since him.
430,568,758,2024-03-01,Inquiry,Pending,Rather radio close especially from performance himself at.
52,841,53,2024-06-02,Purchase,Completed,Represent throughout career.
242,24,843,2024-01-19,Inquiry,Completed,Future include president big.
902,655,81,2024-03-17,Feedback,Cancelled,Full avoid peace central prepare.
492,315,72,2024-03-18,Inquiry,Delivered,Message win why thus task term.
888,829,292,2024-05-20,Feedback,Cancelled,Consumer radio send American finish serious prepare player.
211,810,805,2024-05-24,Support,In Transit,Charge real cultural couple describe job fill.
207,624,407,2024-04-07,Inquiry,In Transit,Particular respond staff no traditional.
347,838,709,2024-03-26,Purchase,Cancelled,Lead decide customer amount TV community business red.
850,511,655,2024-04-16,Feedback,Cancelled,Coach draw public vote these.
69,14,432,2024-01-30,Purchase,In Transit,Feeling while set road activity.
911,775,887,2024-03-04,Support,In Transit,Forget involve spring continue baby should also.
308,963,153,2024-03-20,Feedback,In Transit,Respond nearly field investment.
974,946,788,2024-01-14,Feedback,In Transit,Left table for rise miss any.
26,54,960,2024-01-19,Inquiry,Cancelled,Run process song detail within image cause history.
434,700,782,2024-02-16,Support,Pending,Region majority individual affect environmental.
649,817,575,2024-01-08,Purchase,Pending,Student these require into.
512,959,530,2024-03-31,Purchase,Cancelled,Include environment check box.
33,135,768,2024-01-15,Purchase,Pending,Political business inside might start big.
343,218,437,2024-03-16,Inquiry,Delivered,Decision quickly activity kid order race.
234,751,21,2024-05-26,Inquiry,Completed,Similar art collection record American cell allow.
618,22,75,2024-05-23,Feedback,Completed,Others describe catch around many parent know station.
19,1,865,2024-02-10,Support,In Transit,Stage figure do cause suddenly government billion.
83,825,267,2024-04-27,Feedback,Completed,Role party real challenge provide.
460,197,344,2024-03-09,Feedback,Delivered,Business talk better among likely summer bill.
589,662,838,2024-05-12,Support,Completed,Trial newspaper father guess into.
423,637,703,2024-01-14,Purchase,Cancelled,By fear offer on director.
445,323,761,2024-01-28,Feedback,In Transit,Thought military threat.
617,232,922,2024-02-23,Inquiry,Pending,Thought ever energy real small whether small.
429,663,323,2024-05-30,Feedback,Delivered,Mission rich drive million occur brother market.
601,534,47,2024-05-30,Support,In Transit,Write also model keep itself behind.
44,33,346,2024-04-26,Inquiry,In Transit,Suggest book analysis teacher memory four.
236,729,753,2024-04-21,Feedback,Cancelled,Mean red commercial partner church ready.
695,708,26,2024-03-05,Purchase,Completed,Major top weight identify eye boy his.
113,860,88,2024-06-07,Inquiry,Cancelled,Apply and various none.
27,962,481,2024-04-10,Feedback,Pending,Minute account deal enjoy.
372,249,383,2024-02-02,Inquiry,Completed,Sound consider certainly media long probably.
726,625,442,2024-01-04,Purchase,Delivered,Side series perform deep but appear voice positive.
176,980,665,2024-05-04,Support,Delivered,Activity several cost time.
728,71,362,2024-06-06,Inquiry,In Transit,Apply husband deep.
198,562,309,2024-05-12,Support,Pending,Investment computer responsibility indicate.
409,482,916,2024-02-06,Purchase,Pending,Tax life close by west size avoid.
793,952,326,2024-04-20,Support,Delivered,Issue world candidate size shake find save.
801,8,708,2024-02-15,Purchase,Completed,Accept however region help compare detail assume.
212,765,552,2024-05-24,Inquiry,Cancelled,Way win brother off so you claim.
456,987,395,2024-03-15,Feedback,Cancelled,Suggest place crime rich nothing.
276,660,679,2024-06-10,Support,Completed,Occur want difference agreement.
221,834,278,2024-04-09,Feedback,Delivered,Study however high yeah their receive.
963,530,121,2024-05-28,Purchase,In Transit,Carry safe for money identify.
891,975,397,2024-05-28,Feedback,Cancelled,Before process role product whom.
846,490,985,2024-05-13,Purchase,Cancelled,Compare man where officer.
355,432,743,2024-01-06,Feedback,Completed,Decision family result follow.
489,778,618,2024-05-23,Inquiry,Completed,Control occur little beautiful home.
396,259,487,2024-03-18,Inquiry,Completed,Lot speech section less up American.
711,384,772,2024-06-08,Support,Cancelled,Provide ball business drive pull learn.
521,98,616,2024-03-25,Support,Cancelled,Market chair agent source.
832,202,136,2024-03-30,Feedback,Pending,Particular yeah action true event.
586,457,924,2024-02-19,Feedback,Cancelled,Yeah until would from grow.
404,457,801,2024-01-24,Purchase,Cancelled,Ago week charge first.
706,944,920,2024-03-24,Inquiry,In Transit,Account seem happen although heart cause attention.
668,753,842,2024-03-17,Feedback,Pending,Up spend answer long particular center room.
43,62,767,2024-04-18,Feedback,Delivered,Ground young physical improve raise health.
796,524,185,2024-02-20,Inquiry,Delivered,Indeed think mouth stand hand.
375,739,146,2024-01-01,Feedback,Delivered,Avoid threat realize mind lose remain interesting.
548,640,10,2024-02-19,Support,Pending,Study including wide dream benefit allow.
665,157,928,2024-02-17,Feedback,Completed,Tonight seven explain difficult.
916,587,856,2024-02-13,Support,Completed,Production blue each provide population during necessary.
857,764,173,2024-02-09,Feedback,Completed,Lose option wide practice sound sea station.
53,645,563,2024-01-29,Support,Completed,Health marriage long single its bad.
768,729,602,2024-01-06,Support,In Transit,Note provide follow language.
632,437,164,2024-02-01,Support,Completed,Face star look officer his arm indicate.
363,472,643,2024-01-04,Purchase,Delivered,Treat station similar.
136,905,258,2024-05-24,Support,In Transit,Only surface whom system lose.
804,674,116,2024-03-19,Purchase,Pending,Score member number hold.
480,909,620,2024-04-22,Feedback,Pending,Middle throw wind break threat particular set.
960,237,654,2024-05-20,Purchase,Delivered,Set happen generation form project form plant.
559,45,321,2024-02-22,Inquiry,In Transit,Thought business certainly magazine according might.
144,507,468,2024-04-14,Support,Delivered,Young concern build know.
943,226,294,2024-03-09,Purchase,Completed,Move hear gun hear somebody push feeling.
760,25,592,2024-01-12,Purchase,Pending,How suffer me admit.
630,325,496,2024-03-08,Purchase,Completed,Parent mission mission matter concern.
614,823,80,2024-03-30,Purchase,In Transit,Street television collection up.
432,64,342,2024-02-29,Purchase,Completed,Responsibility military ground Republican cause site fly.
899,813,72,2024-04-07,Support,Cancelled,Young stand me generation able.
744,337,984,2024-03-07,Feedback,In Transit,Value page opportunity career different north yourself.
208,971,742,2024-02-23,Support,Cancelled,Body occur food somebody where top.
931,525,886,2024-03-03,Inquiry,In Transit,World specific over door remember up system executive.
895,271,560,2024-03-07,Support,Cancelled,At table entire really quite.
940,507,555,2024-01-27,Inquiry,Pending,Challenge wrong own relate relate moment star.
897,827,451,2024-03-24,Feedback,Pending,Week main Congress security realize move between.
795,425,782,2024-04-17,Inquiry,Pending,Letter another dog hour year so may.
328,391,544,2024-02-17,Support,Pending,Clearly at black fine physical.
563,641,29,2024-02-11,Feedback,Delivered,Toward indicate husband just car plant.
26,197,817,2024-01-22,Feedback,Completed,Town share discussion class no lot.
773,602,742,2024-03-15,Support,In Transit,Through off four site reach.
792,571,891,2024-01-17,Purchase,Cancelled,First color south cost.
213,959,357,2024-03-05,Purchase,Completed,Cup whole age boy economy treat.
708,940,559,2024-05-04,Feedback,Completed,How loss option throw amount political.
46,430,369,2024-01-28,Support,Pending,Party less himself feel shoulder raise.
342,891,26,2024-03-09,Inquiry,Completed,Serve usually culture enough leg look organization trouble.
625,671,174,2024-03-23,Support,Completed,Better age better war.
296,828,323,2024-04-29,Feedback,Delivered,Read difference growth food approach.
126,388,542,2024-05-18,Feedback,Delivered,Suddenly they smile.
297,215,228,2024-02-06,Support,Cancelled,Laugh popular color leader hundred.
261,304,952,2024-03-12,Purchase,Cancelled,Parent table among prepare.
307,762,432,2024-06-05,Feedback,Delivered,Collection doctor series national activity.
745,627,85,2024-02-18,Inquiry,In Transit,Hour traditional move action imagine.
333,985,17,2024-01-20,Purchase,Completed,From fine race off.
465,69,621,2024-05-12,Purchase,In Transit,Imagine scene seek onto key peace when.
63,997,847,2024-04-06,Feedback,Delivered,Protect than also lay outside price where.
406,514,428,2024-02-15,Support,Delivered,Determine rise cut catch down indicate argue apply.
29,321,167,2024-02-11,Purchase,Cancelled,By set edge stay new.
210,748,707,2024-02-21,Support,Completed,Film character morning rich generation system land.
716,600,621,2024-02-20,Support,Cancelled,Call past both industry I media that window.
904,662,303,2024-02-02,Inquiry,Completed,Someone tax difference instead race need physical generation.
909,643,902,2024-03-20,Feedback,Cancelled,Direction necessary total particular despite send.
995,150,497,2024-01-19,Support,Pending,Officer suggest although listen western job none.
515,598,538,2024-06-05,Support,Cancelled,Husband production born something low ask movie.
594,734,381,2024-03-21,Purchase,In Transit,Skill system career like prevent writer start cell.
955,64,686,2024-06-09,Purchase,Completed,Ok doctor more per movie question.
476,551,505,2024-01-01,Purchase,Pending,Factor event different analysis board away real government.
174,477,427,2024-01-30,Inquiry,In Transit,Significant remain middle special financial.
232,423,35,2024-04-28,Purchase,In Transit,Pm white charge wife.
10,207,138,2024-02-26,Feedback,Cancelled,View second child social whose speak author.
893,478,818,2024-04-17,Support,Pending,After head project discussion voice popular.
385,43,91,2024-03-21,Feedback,Delivered,Carry central defense away here including.
428,328,269,2024-05-13,Feedback,Pending,Somebody either stop wide popular.
398,658,187,2024-05-01,Purchase,In Transit,Establish real relate figure point.
75,316,509,2024-02-14,Support,Completed,Her around necessary let factor spring.
842,605,446,2024-05-02,Inquiry,In Transit,Ago determine subject prevent assume.
830,409,402,2024-05-22,Support,Completed,Money it manage man fact.
66,433,809,2024-01-02,Inquiry,Delivered,Street court method put relate.
526,157,5,2024-06-08,Inquiry,Pending,Break send own television him some sing.
558,72,131,2024-01-06,Support,Completed,Office allow determine agent deep especially.
90,248,970,2024-02-15,Support,Pending,Southern understand executive me.
107,590,745,2024-05-06,Inquiry,Cancelled,Approach adult quickly make throughout process only.
616,456,590,2024-01-24,Purchase,Completed,Edge travel store low.
802,455,452,2024-03-14,Support,In Transit,Mind special economic.
187,559,200,2024-05-22,Feedback,Cancelled,Somebody nature provide product society wide.
36,272,543,2024-03-12,Support,Completed,Democrat everyone assume style debate.
829,39,245,2024-03-18,Purchase,Pending,Impact sometimes resource avoid building.
545,524,86,2024-01-01,Support,Pending,Measure memory stuff understand care perform.
444,434,377,2024-01-28,Support,Delivered,Policy around third system best western including.
372,602,108,2024-04-10,Support,Delivered,Control central new machine want relationship fund.
517,481,56,2024-06-06,Feedback,Completed,Against over state.
999,454,260,2024-01-06,Inquiry,Delivered,Same point civil.
52,265,217,2024-05-26,Support,Completed,Everyone exactly every east.
287,972,538,2024-05-17,Feedback,In Transit,Whether design young act yard avoid gas.
196,146,61,2024-04-20,Support,In Transit,Pressure six necessary director offer Democrat dark maybe.
28,671,210,2024-04-21,Support,Delivered,Begin down behavior soon above time name.
529,383,88,2024-02-17,Inquiry,In Transit,Bed somebody mean big trouble increase.
217,513,309,2024-05-28,Support,Pending,Quite couple tax structure institution cover finally behavior.
107,153,105,2024-01-18,Inquiry,Pending,Return race mother answer through experience task husband.
705,950,62,2024-04-17,Feedback,Completed,Arm then player company force.
667,817,983,2024-05-02,Feedback,In Transit,Admit there indicate my send.
335,861,77,2024-01-13,Feedback,Completed,Into those treat create bag.
944,52,606,2024-02-04,Inquiry,Pending,Four voice author job wear.
419,977,839,2024-01-07,Inquiry,Pending,Inside list case natural common region camera.
356,141,372,2024-05-09,Purchase,Cancelled,Pattern eye happy guess pay either.
812,189,939,2024-05-24,Feedback,Completed,Black other left mention far two Mr.
457,221,484,2024-04-24,Feedback,Cancelled,Marriage cause glass article factor according.
578,975,115,2024-02-07,Support,Pending,Sing rise character form teacher because.
737,903,732,2024-03-28,Purchase,Delivered,Need peace rich institution.
32,791,27,2024-05-07,Purchase,Pending,Training board right similar watch cell head century.
380,302,543,2024-01-29,Feedback,Cancelled,Seven key sort likely short own pick.
587,347,538,2024-03-10,Inquiry,Cancelled,Party involve well believe test still.
668,256,358,2024-01-03,Purchase,In Transit,Major ever western Democrat.
246,479,506,2024-01-15,Inquiry,Cancelled,Green song speak office result possible lay check.
899,621,45,2024-03-19,Purchase,Completed,Apply sound myself statement.
149,7,493,2024-06-05,Purchase,Delivered,Everybody every ready possible.
897,811,219,2024-02-25,Purchase,Pending,Letter relationship I approach wall per.
817,472,37,2024-01-06,Purchase,Completed,But fear suddenly language.
180,614,922,2024-01-18,Inquiry,Cancelled,From easy effect discussion crime cause think.
690,12,665,2024-01-18,Purchase,Completed,Country traditional method figure reality truth local.
112,861,671,2024-01-30,Purchase,Pending,Might ready million tough.
596,616,868,2024-05-06,Purchase,Cancelled,Various name close ago media store.
525,462,874,2024-05-10,Inquiry,In Transit,Anyone stock decade budget.
828,39,359,2024-06-10,Feedback,Completed,Black under cultural now before hand three.
249,569,396,2024-04-18,Feedback,Delivered,As security analysis.
633,972,248,2024-03-09,Inquiry,In Transit,Owner off fall official medical truth.
253,367,560,2024-01-14,Purchase,Pending,Hold machine old process quickly.
53,415,768,2024-03-29,Inquiry,Cancelled,Ahead firm value.
27,530,674,2024-03-30,Inquiry,Pending,Remain since truth range herself approach.
426,571,101,2024-05-27,Feedback,Pending,Certain let election arrive use music modern good.
331,849,377,2024-05-16,Feedback,Completed,Tough staff rather color medical.
63,224,531,2024-01-25,Purchase,Cancelled,Wear write whole include natural.
570,837,868,2024-04-13,Support,Cancelled,Dark seek artist stay might food action.
478,630,170,2024-04-04,Support,In Transit,Have street nor how mission official.
194,803,326,2024-02-07,Purchase,Delivered,Ago situation position success.
505,390,464,2024-02-03,Inquiry,Pending,What successful simple church fine.
578,83,801,2024-02-18,Purchase,Completed,Pm law example water huge.
635,599,98,2024-04-19,Support,Delivered,Easy firm environment lot.
780,96,986,2024-03-11,Support,Pending,Two about property cold.
802,160,177,2024-02-09,Inquiry,Cancelled,Each our likely consumer step edge behind.
890,23,579,2024-01-06,Feedback,In Transit,Night window own stand police not sister.
294,998,455,2024-01-14,Purchase,In Transit,Increase bring pass common.
961,699,236,2024-04-23,Feedback,Pending,Truth road record turn born friend own.
397,865,852,2024-02-11,Inquiry,Cancelled,Camera dream likely rather soon age.
160,73,729,2024-05-12,Purchase,Cancelled,Team you say teach.
993,205,585,2024-05-15,Inquiry,In Transit,Writer book difference oil.
749,51,657,2024-05-03,Inquiry,Pending,Project suggest vote base.
556,34,778,2024-03-30,Inquiry,Cancelled,Whom his visit camera any.
526,428,892,2024-04-18,Inquiry,Cancelled,A determine rule answer performance.
676,843,714,2024-05-10,Feedback,Delivered,Once just number upon occur.
411,80,139,2024-04-10,Purchase,Completed,Thus back hope suggest production perform window very.
209,745,989,2024-02-21,Feedback,Pending,Close exactly experience sort drop role cost.
491,238,164,2024-05-03,Support,Pending,Occur politics cold and.
883,548,298,2024-03-11,Inquiry,Cancelled,Century any instead realize body over expert.
663,621,109,2024-04-16,Feedback,Delivered,Court structure star test opportunity stage TV evidence.
833,150,152,2024-03-11,Feedback,Pending,Military natural kind recently deep feeling choice.
845,715,634,2024-03-13,Feedback,Cancelled,Sort difference decade choose weight him east career.
91,413,527,2024-01-04,Purchase,Pending,Represent difference community plan wall.
253,270,933,2024-01-11,Feedback,Cancelled,In turn actually discussion relate trip hotel bed.
131,467,760,2024-01-14,Purchase,Completed,Art direction dark how citizen whatever.
681,273,258,2024-02-17,Purchase,Completed,Right himself help value current fear.
430,374,333,2024-02-09,Support,In Transit,Day station determine try.
618,546,648,2024-02-01,Feedback,Cancelled,Sing party short bed even.
910,79,710,2024-05-20,Purchase,Completed,Him television north turn.
358,480,393,2024-01-06,Feedback,Cancelled,Family them but book industry probably.
307,717,77,2024-04-02,Feedback,Delivered,Theory more picture explain public.
634,215,153,2024-01-14,Purchase,Cancelled,Piece firm one quickly.
188,806,656,2024-05-11,Feedback,Cancelled,Finish return leader.
762,815,946,2024-01-13,Feedback,Pending,Glass ok available cultural truth.
567,483,948,2024-05-18,Support,Completed,Maintain carry real mother.
271,119,803,2024-03-25,Feedback,In Transit,Sea son such participant thank stuff benefit.
705,729,272,2024-01-16,Support,Pending,Of professional writer.
401,491,681,2024-04-13,Support,Completed,Partner wide available born eye expert full answer.
520,471,230,2024-01-15,Inquiry,Completed,Decide center every sound.
101,420,160,2024-05-13,Feedback,Cancelled,Consider investment cause risk.
891,898,410,2024-01-19,Feedback,Cancelled,Yet employee wife.
390,920,204,2024-01-07,Support,In Transit,Process lose begin rule sort create.
395,476,439,2024-02-13,Feedback,Delivered,Design expect upon camera their western free.
232,522,334,2024-02-29,Support,Delivered,Worry this technology to.
834,128,160,2024-01-13,Support,Pending,Them collection want professional participant case past.
736,394,750,2024-02-08,Purchase,Cancelled,Ok figure so alone operation carry anything.
66,669,479,2024-01-29,Feedback,Delivered,Authority free contain enter.
685,782,28,2024-01-05,Purchase,Cancelled,Sense special explain bank management.
818,141,389,2024-06-07,Inquiry,In Transit,Doctor room season appear magazine.
123,521,690,2024-04-03,Support,Cancelled,Set finally protect those industry.
429,310,476,2024-01-22,Purchase,Pending,Politics smile power practice free response.
400,320,488,2024-02-24,Inquiry,Cancelled,Break probably stay but economic effort necessary.
222,951,924,2024-02-06,Support,Completed,Through expect six town class arm have.
233,103,820,2024-05-03,Feedback,Completed,Nothing however concern expect anyone.
404,842,500,2024-04-28,Feedback,Cancelled,Any left fish want.
740,74,457,2024-05-20,Support,Cancelled,City environment most be.
368,129,657,2024-06-07,Purchase,Completed,Expert live game.
37,603,727,2024-05-24,Support,Pending,Eat for purpose city eye.
767,158,190,2024-02-01,Inquiry,In Transit,Fine pressure machine.
184,60,543,2024-03-07,Support,Cancelled,Inside still bring realize heart moment.
13,951,634,2024-02-17,Inquiry,Pending,Become which believe body too foreign idea.
988,39,614,2024-05-17,Inquiry,Pending,Mean age agreement catch here notice federal.
102,302,863,2024-04-30,Purchase,Delivered,Various dinner throw peace care.
726,606,859,2024-05-12,Inquiry,Cancelled,With down with where.
313,588,173,2024-03-19,Feedback,Cancelled,Society song discuss large score through claim cover.
180,248,332,2024-01-13,Purchase,Completed,Foreign share thousand measure draw stage debate interview.
987,326,435,2024-04-03,Purchase,In Transit,Tend feeling partner.
134,680,977,2024-03-23,Support,Pending,Bag course general race spring five.
994,374,481,2024-01-21,Purchase,In Transit,Movement lawyer like collection.
143,911,481,2024-05-26,Support,In Transit,Type city own while industry.
116,540,261,2024-04-19,Inquiry,Pending,Pick stuff speech song.
203,180,346,2024-02-08,Support,In Transit,Entire mother kid director federal.
14,964,751,2024-04-02,Feedback,Completed,Son teacher policy sell where.
586,592,917,2024-02-16,Feedback,In Transit,Skin trial story hold.
709,510,706,2024-04-13,Inquiry,In Transit,Sound page spring fish market American.
298,483,356,2024-03-17,Support,Cancelled,Admit TV black thousand.
322,574,28,2024-03-08,Purchase,Pending,Term natural culture.
360,991,608,2024-03-05,Support,Pending,Indicate his mind debate.
901,371,738,2024-06-07,Support,Cancelled,Study various bit until item from behind indeed.
554,476,367,2024-05-20,Feedback,Cancelled,Team stock small friend fill.
230,114,990,2024-04-06,Feedback,Cancelled,Particularly analysis fish according seat public shoulder back.
648,839,44,2024-02-25,Support,Cancelled,Us development arm through law child indicate.
450,509,767,2024-04-22,Support,Pending,Treatment account fear federal.
790,40,935,2024-04-23,Feedback,Delivered,Response nice baby cost there magazine.
535,990,446,2024-03-21,Support,In Transit,Among message because action already challenge language.
975,133,200,2024-01-20,Support,Delivered,Feeling speak rate especially.
366,203,578,2024-03-08,Feedback,Cancelled,Recognize yard board country quite section.
892,998,76,2024-05-31,Support,Cancelled,News budget small set.
143,768,693,2024-04-16,Inquiry,Delivered,Onto indicate sometimes.
690,607,686,2024-03-25,Support,Delivered,Office certain attorney political.
323,443,312,2024-01-27,Feedback,Delivered,Country type bag social director their.
62,545,210,2024-03-12,Feedback,Pending,Simple still stuff response positive hot.
777,93,187,2024-06-05,Purchase,Cancelled,Player suffer store.
411,768,175,2024-05-17,Purchase,Delivered,Free wait upon.
673,761,766,2024-03-27,Purchase,Delivered,Against history factor society.
728,914,857,2024-01-11,Support,Completed,Work morning natural trade Congress protect ready.
428,808,917,2024-02-29,Purchase,In Transit,Majority behavior edge put.
581,607,741,2024-02-22,Inquiry,Pending,Player wide table traditional.
937,623,675,2024-03-16,Purchase,Completed,Report leave accept whatever plan.
56,554,315,2024-01-12,Inquiry,Cancelled,Carry center will cause.
669,524,767,2024-01-10,Purchase,Cancelled,Seat doctor hope best throughout she agreement.
527,714,862,2024-06-07,Feedback,Completed,Must focus political least strong.
137,659,201,2024-02-15,Feedback,Delivered,While ok set general house determine apply.
478,680,708,2024-04-01,Inquiry,Pending,Major subject good pull manage.
747,87,11,2024-03-10,Support,Pending,Not agency player feeling.
106,30,746,2024-03-23,Feedback,Delivered,Behavior follow war likely.
632,242,981,2024-04-02,Inquiry,Delivered,Western herself authority.
3,720,359,2024-01-15,Support,In Transit,Pick box also reach nice.
157,971,591,2024-04-20,Purchase,Cancelled,Message so send it decision budget art.
50,188,706,2024-04-20,Feedback,In Transit,Some project drive operation sport same name.
692,239,838,2024-03-21,Purchase,Pending,Usually ready research data page market.
235,6,163,2024-04-27,Inquiry,In Transit,Remember official course so.
627,384,593,2024-01-02,Support,In Transit,Reach painting whether pattern PM several sometimes.
591,530,13,2024-05-14,Inquiry,Delivered,Former factor alone region find.
301,850,559,2024-06-01,Inquiry,Completed,Some fall meeting report expect long.
523,9,416,2024-02-07,Inquiry,Delivered,Star series organization green.
151,304,742,2024-01-03,Purchase,Completed,Model hour full set recent general street.
139,663,461,2024-01-23,Support,Pending,Forget six chance line suffer matter rate.
647,884,188,2024-05-18,Inquiry,Cancelled,Own blue yeah rule live able enough.
80,88,848,2024-05-01,Support,Pending,Million newspaper before peace positive action.
880,722,619,2024-05-22,Support,Cancelled,Beautiful turn gas dream into program.
897,850,134,2024-04-21,Inquiry,In Transit,Strategy if myself suddenly trouble research standard wife.
132,282,298,2024-01-31,Support,Pending,Again night treatment relationship democratic body.
778,731,590,2024-03-21,Purchase,In Transit,International heart wonder will type.
537,751,774,2024-05-30,Support,In Transit,That down kind give movement ask reveal probably.
484,901,682,2024-04-10,Feedback,Cancelled,Officer affect probably last.
524,960,518,2024-03-13,Support,Delivered,Community food sister break course behavior care.
543,951,368,2024-03-06,Feedback,Delivered,Official face seek career popular view.
169,292,630,2024-02-28,Support,Delivered,Month how address indeed three responsibility young.
480,427,186,2024-03-22,Feedback,Cancelled,List bit serve.
334,4,369,2024-03-17,Support,Completed,Field happy cover music report exactly however.
55,72,928,2024-05-13,Feedback,Delivered,Foreign game him foot strategy door.
535,138,82,2024-01-29,Inquiry,Cancelled,Nature too discussion send address turn buy mouth.
319,779,455,2024-02-02,Purchase,Completed,Gun low single human rather art edge seven.
423,801,724,2024-03-08,Support,Pending,Lot speech list none.
242,502,426,2024-05-09,Feedback,In Transit,Able political pretty.
868,588,524,2024-02-12,Support,Completed,Will dinner decade fly with for.
612,665,355,2024-01-07,Feedback,Pending,Environment family fight system our human woman.
189,443,891,2024-03-02,Feedback,Pending,Class become customer.
224,528,859,2024-03-23,Purchase,Pending,Theory away speech reach important.
69,155,927,2024-04-12,Support,Pending,Soon may right tax everything.
295,18,109,2024-03-16,Purchase,Cancelled,Itself compare future decide job.
266,900,803,2024-02-21,Inquiry,Delivered,Finish year beyond military.
582,648,852,2024-02-27,Inquiry,Cancelled,Dog option consider.
120,832,230,2024-03-07,Inquiry,Cancelled,Agency although ball study dog available front.
762,921,614,2024-03-31,Purchase,Cancelled,Feel writer door item right society.
851,883,191,2024-02-07,Feedback,Completed,Age budget cold college while administration.
950,407,903,2024-01-20,Feedback,In Transit,Improve attention standard nice light toward.
398,6,781,2024-05-30,Inquiry,In Transit,Laugh establish sing first bank cost.
71,356,754,2024-04-14,Inquiry,Delivered,Office job company individual say degree spend federal.
299,354,51,2024-03-23,Purchase,Completed,Such clearly town room hope sense.
310,248,7,2024-02-08,Purchase,Pending,Forget type type she season cut.
648,188,661,2024-02-16,Inquiry,Pending,Local during reality difference foot this hospital guy.
909,144,754,2024-04-09,Purchase,Completed,Professor international fund center activity third Republican.
107,570,326,2024-04-19,Purchase,Cancelled,Audience clear draw push main.
71,673,213,2024-05-22,Feedback,Delivered,Story city indicate instead sense anything fine according.
954,45,754,2024-04-03,Inquiry,Cancelled,If none usually director opportunity produce.
467,998,51,2024-01-26,Feedback,Completed,Eat blue build president bar democratic century.
699,156,554,2024-03-30,Support,Cancelled,Night own clear magazine.
869,631,114,2024-05-02,Inquiry,Delivered,Throw bring someone sense.
355,682,887,2024-05-20,Inquiry,Completed,Later begin room on worry successful different account.
742,364,238,2024-04-30,Purchase,Completed,Foreign great share important feeling party.
753,620,114,2024-02-27,Purchase,Cancelled,Could store event lot.
462,834,893,2024-05-01,Support,Completed,Himself line industry table.
540,366,692,2024-03-15,Inquiry,In Transit,Until recently section listen.
583,393,344,2024-01-03,Inquiry,In Transit,Pull yes me majority although easy.
124,656,999,2024-03-25,Support,In Transit,Attorney public per want home skill public technology.
817,46,337,2024-06-08,Inquiry,In Transit,Answer pick along.
226,729,684,2024-01-13,Support,Pending,Watch six yet along week.
636,821,684,2024-05-17,Support,In Transit,Subject member stop admit other.
524,865,310,2024-06-01,Feedback,Delivered,Maybe final near perhaps may agree.
835,777,915,2024-04-15,Support,Completed,Base receive fill deal want those street.
448,813,637,2024-03-17,Inquiry,Delivered,Organization feel mean hair.
782,407,167,2024-01-19,Inquiry,Cancelled,Travel everybody hair.
759,270,761,2024-01-19,Inquiry,Delivered,High song TV fire require knowledge.
885,396,330,2024-01-03,Inquiry,Pending,Across focus rate.
527,764,962,2024-01-27,Purchase,Delivered,Institution especially ten interview think.
846,791,359,2024-04-11,Support,Cancelled,Contain always team him.
25,883,566,2024-06-06,Purchase,Pending,Enough official message party stock guy.
498,5,3,2024-05-02,Support,In Transit,With condition knowledge anyone.
966,782,499,2024-01-02,Support,Delivered,Choice today both information hair level anyone.
622,600,103,2024-02-18,Inquiry,In Transit,General somebody hard knowledge record.
377,386,686,2024-05-22,Purchase,Delivered,End visit there day million alone.
960,263,513,2024-05-07,Feedback,In Transit,Read condition clear list decade like.
852,244,776,2024-02-24,Support,In Transit,Coach next happy case carry.
799,932,817,2024-02-18,Feedback,Completed,Can approach require if nature perform lay.
998,131,46,2024-05-20,Support,Delivered,Type state present foot.
870,557,294,2024-04-08,Feedback,In Transit,Market nothing study develop tough guy.
910,182,494,2024-01-19,Inquiry,In Transit,Respond compare goal step seven.
86,180,445,2024-01-02,Support,Completed,Well maybe quickly appear or evidence.
632,142,63,2024-02-09,Purchase,Cancelled,The action rate improve loss him to.
850,827,312,2024-03-27,Feedback,Pending,Edge state need available mind under.
875,700,743,2024-03-10,Support,Pending,Upon spend even wait.
486,935,864,2024-04-02,Feedback,In Transit,Development talk pick hold model pay instead.
624,947,186,2024-04-23,Support,Pending,Stock practice learn country smile minute throughout.
651,752,338,2024-06-02,Purchase,Pending,Success computer he change.
40,277,448,2024-03-26,Purchase,In Transit,Can left art TV.
51,678,322,2024-04-19,Purchase,Pending,Wait pass law move PM remember.
154,772,435,2024-05-24,Purchase,Completed,Building sea others everyone possible grow.
889,678,184,2024-05-21,Purchase,Pending,Consider mission collection while provide tonight happen involve.
573,953,891,2024-01-11,Support,Pending,Poor face common.
487,736,577,2024-04-07,Support,Cancelled,Others over guy only perhaps.
325,473,687,2024-02-12,Feedback,In Transit,Not property rule door itself lawyer.
460,228,560,2024-05-12,Feedback,Completed,Challenge become him.
646,549,337,2024-04-11,Inquiry,In Transit,Admit he tax know.
897,36,269,2024-03-23,Purchase,Cancelled,Example source public enjoy recently approach state.
132,589,362,2024-03-26,Feedback,Completed,Magazine single which nation force goal.
518,846,961,2024-04-01,Inquiry,Completed,Local rather garden marriage.
968,976,162,2024-05-10,Purchase,Completed,Lose control pressure material protect fire.
420,403,284,2024-02-03,Inquiry,Cancelled,Real myself almost law TV employee.
274,139,666,2024-05-28,Purchase,Pending,Raise science government third pull.
626,241,108,2024-04-22,Purchase,Cancelled,Break others knowledge window.
318,390,606,2024-04-06,Inquiry,Cancelled,Coach identify life everything need crime.
694,803,756,2024-04-01,Support,Delivered,Trouble fact conference citizen everybody government.
728,117,608,2024-01-10,Feedback,Pending,Training government tough whom especially sport know money.
415,600,434,2024-03-12,Support,Completed,Project anyone trouble condition least different act.
710,468,586,2024-03-04,Purchase,Delivered,Property many director standard term society.
753,278,648,2024-01-21,Support,Delivered,Once side clearly move agent prepare suggest.
515,77,592,2024-06-06,Feedback,In Transit,Simple science section study.
166,508,610,2024-05-10,Support,Completed,Speak best member six.
508,466,341,2024-05-30,Purchase,Completed,Term image husband.
103,861,386,2024-01-12,Feedback,Pending,Life class team child agree bill moment.
320,732,652,2024-05-14,Support,Cancelled,Several offer American do dream its herself.
530,30,935,2024-03-20,Purchase,Completed,Message available personal trip.
425,672,476,2024-02-08,Inquiry,Pending,Again cost soldier.
958,670,527,2024-01-07,Inquiry,Cancelled,Allow building use million none although should.
470,168,504,2024-04-11,Feedback,Completed,Individual despite information democratic sense.
507,270,687,2024-04-26,Feedback,Completed,Treat state indicate himself nothing early cell.
711,903,265,2024-03-30,Inquiry,In Transit,Throughout agency since all up.
128,931,22,2024-05-02,Inquiry,Delivered,Seem second past cover relationship pay other.
700,952,386,2024-03-04,Inquiry,Delivered,Shake anything sense early step dog ten.
759,661,388,2024-04-08,Inquiry,Completed,Shake life artist little.
330,225,81,2024-02-01,Purchase,Delivered,Receive lot foreign stock different industry.
472,591,86,2024-04-05,Support,Completed,Popular take attack rock voice partner design foot.
823,164,58,2024-03-01,Purchase,Pending,Always stock growth last cause.
38,960,459,2024-04-11,Inquiry,Pending,Meeting six partner.
139,78,847,2024-01-17,Purchase,In Transit,However throw later draw garden human night.
948,341,604,2024-05-06,Support,Pending,Here ask north major thousand.
952,216,840,2024-05-15,Inquiry,Delivered,Thought executive until fish range beyond.
988,932,603,2024-04-21,Inquiry,Delivered,Seek myself blue keep assume everything fact.
895,347,203,2024-01-23,Feedback,In Transit,Customer authority edge myself huge position.
224,107,924,2024-05-04,Feedback,Pending,Step attorney term notice.
951,589,768,2024-04-25,Support,Completed,Consider drive morning her floor factor.
874,14,965,2024-01-07,Support,Cancelled,Artist inside itself morning political production involve.
975,20,76,2024-02-08,Support,Cancelled,Detail to arrive interest together decade.
232,480,330,2024-05-25,Support,Completed,Include television law memory many.
522,32,810,2024-02-20,Feedback,Delivered,Change suddenly put or heavy.
502,119,448,2024-01-05,Inquiry,Pending,Happen full teach international read personal.
709,517,533,2024-01-10,Support,Cancelled,Large choose administration brother notice clearly time.
442,662,362,2024-02-26,Purchase,Pending,Grow industry her stand.
974,553,36,2024-01-06,Purchase,Cancelled,Discuss fill tax continue thousand like which.
99,592,122,2024-01-10,Purchase,Pending,Surface sit someone different cut capital.
746,827,761,2024-06-01,Purchase,In Transit,Democratic author item whatever blood family.
394,58,602,2024-05-06,Purchase,Completed,Fact later huge even eat ability believe nation.
417,710,310,2024-03-21,Purchase,Completed,Control glass exist state back.
972,720,678,2024-01-23,Support,Delivered,Name manage wife response.
198,314,958,2024-01-28,Inquiry,Completed,Nothing pay figure.
203,717,590,2024-05-23,Feedback,Completed,Speech remember benefit read more least most.
174,371,677,2024-04-23,Support,In Transit,Clear four record already author.
64,726,702,2024-02-06,Purchase,Pending,Development how themselves film it.
13,250,466,2024-02-04,Support,Completed,Especially pay explain.
639,263,312,2024-01-27,Feedback,Cancelled,Bed attention difficult box.
199,897,636,2024-03-08,Inquiry,In Transit,Return move eight enter board clearly worry.
255,519,162,2024-03-21,Support,In Transit,Enter high article although exactly middle effort.
54,897,149,2024-06-02,Feedback,Cancelled,Civil senior worry likely out difficult.
154,105,417,2024-02-26,Purchase,Pending,Discussion long later hand bad.
671,435,114,2024-06-10,Purchase,In Transit,Vote drive find do.
216,827,383,2024-03-06,Support,Delivered,Middle leave interest as military education job.
329,841,289,2024-03-17,Support,Completed,Report road doctor measure investment late.
887,221,237,2024-06-07,Purchase,Cancelled,Forward law lot cut most above movie.
910,521,108,2024-01-18,Support,Completed,Wonder power process expert.
366,704,677,2024-01-29,Inquiry,Cancelled,Defense receive apply country not sell.
246,503,298,2024-02-15,Feedback,Delivered,Free citizen direction network house allow.
232,814,64,2024-05-22,Support,Cancelled,Hope give ahead coach behavior property new.
716,449,91,2024-01-19,Feedback,Delivered,Assume back of quickly agency.
99,42,986,2024-01-07,Inquiry,Delivered,Wife forward evening ground leg.
339,895,519,2024-01-28,Support,In Transit,Answer Mrs government degree.
368,602,809,2024-05-23,Feedback,Completed,Friend possible spring senior above within animal.
198,413,836,2024-03-08,Feedback,Delivered,Big buy use car ten.
278,187,669,2024-04-17,Support,Completed,Author close how again easy believe house rise.
161,484,894,2024-03-12,Inquiry,In Transit,Different food sell much fast morning.
353,704,83,2024-05-17,Support,Completed,Mention audience near clear.
787,513,147,2024-05-15,Purchase,Completed,Stand image stop watch.
764,480,690,2024-04-13,Feedback,Cancelled,Despite here quite toward physical stuff.
306,572,857,2024-01-06,Support,Pending,Almost thus truth reduce interesting even technology speech.
133,937,298,2024-05-31,Inquiry,Delivered,White present mind but energy effect senior raise.
675,907,755,2024-01-23,Purchase,Completed,Wish care own hold share.
946,663,526,2024-04-22,Feedback,Delivered,Newspaper top however friend piece.
949,982,873,2024-01-22,Inquiry,Cancelled,Church way game success foreign realize.
86,460,433,2024-06-04,Feedback,In Transit,Agent long instead baby fish investment.
