sale_id,sale_date,shop_id,consumer_id,item_id,offer_id,quantity,total_price,payment_method,order_status,delivery_date,delivery_status,country
865,2024-03-15,777,912,431,42,266,83.76,Online Payment,Delivered,2024-04-04,Completed,Brazil
415,2024-06-01,850,311,992,489,367,95.58,Online Payment,Delivered,2024-02-12,Cancelled,Australia
517,2024-01-28,289,144,774,98,634,41.04,Cash,In Transit,2024-04-13,Pending,UK
723,2024-06-06,617,924,151,318,102,12.08,Debit Card,Cancelled,2024-05-12,Pending,Germany
339,2024-04-01,574,104,363,445,324,33.5,Cash,In Transit,2024-04-17,In Transit,USA
489,2024-03-26,887,534,267,64,825,89.89,Cash,Completed,2024-01-03,Completed,China
96,2024-05-19,861,409,728,845,804,0.18,Online Payment,In Transit,2024-04-28,Completed,China
506,2024-06-09,889,342,250,748,334,10.31,Online Payment,Cancelled,2024-02-07,In Transit,Canada
940,2024-04-20,228,245,823,991,146,88.96,Online Payment,Delivered,2024-03-27,In Transit,Brazil
94,2024-01-16,328,897,521,956,502,17.86,Credit Card,In Transit,2024-02-28,Completed,Germany
565,2024-02-26,724,128,561,341,835,88.52,Online Payment,Completed,2024-02-09,In Transit,Australia
987,2024-06-04,618,561,602,295,456,15.01,Cash,Pending,2024-04-25,Cancelled,Germany
818,2024-03-15,325,590,248,298,189,31.02,Debit Card,In Transit,2024-06-08,Pending,Canada
192,2024-01-07,628,673,267,488,71,14.71,Debit Card,In Transit,2024-05-11,Delivered,Germany
776,2024-01-26,898,154,946,40,863,13.14,Credit Card,Cancelled,2024-05-15,In Transit,Australia
946,2024-06-10,554,700,401,858,723,85.94,Credit Card,Cancelled,2024-02-23,In Transit,Brazil
535,2024-06-06,242,870,221,917,696,96.63,Credit Card,In Transit,2024-06-09,Cancelled,UK
973,2024-03-22,594,282,462,505,677,58.55,Debit Card,In Transit,2024-01-16,In Transit,Italy
333,2024-04-28,119,499,602,646,344,31.19,Cash,Delivered,2024-02-17,Completed,Italy
17,2024-05-22,278,120,723,226,381,27.93,Online Payment,Cancelled,2024-03-05,In Transit,Canada
437,2024-06-07,64,104,802,150,876,35.84,Cash,Pending,2024-01-09,Pending,USA
837,2024-04-21,650,932,959,548,617,12.12,Credit Card,In Transit,2024-01-06,Cancelled,Australia
128,2024-05-03,194,621,851,590,123,64.09,Credit Card,Completed,2024-01-18,Pending,USA
380,2024-06-10,119,38,621,23,200,30.3,Credit Card,Completed,2024-05-19,In Transit,Japan
127,2024-04-03,216,745,820,63,960,3.73,Cash,In Transit,2024-04-15,Pending,Canada
436,2024-04-30,104,856,267,72,227,11.79,Online Payment,In Transit,2024-05-05,Cancelled,Australia
309,2024-03-09,447,185,63,516,479,6.45,Online Payment,Cancelled,2024-04-25,Completed,China
104,2024-05-15,401,205,267,368,927,77.04,Credit Card,Delivered,2024-04-20,In Transit,China
174,2024-05-15,689,209,990,786,60,25.92,Debit Card,Pending,2024-02-01,Completed,Brazil
351,2024-04-12,257,121,612,944,453,28.64,Credit Card,Pending,2024-01-03,Cancelled,USA
483,2024-05-12,420,922,583,896,521,51.02,Cash,Delivered,2024-05-06,Completed,Germany
366,2024-03-16,858,674,257,158,575,2.03,Debit Card,Pending,2024-03-29,Completed,Italy
760,2024-01-16,344,757,47,558,288,22.09,Credit Card,Completed,2024-02-16,Completed,Canada
781,2024-04-03,361,625,295,690,368,96.71,Credit Card,Delivered,2024-05-03,Completed,China
875,2024-04-30,136,733,318,398,767,67.89,Credit Card,Completed,2024-06-09,In Transit,France
667,2024-01-16,2,609,197,716,343,26.22,Debit Card,Pending,2024-02-16,Completed,Australia
229,2024-05-03,459,388,728,897,690,93.08,Debit Card,Completed,2024-03-21,Completed,UK
33,2024-03-19,893,719,582,429,791,7.66,Online Payment,In Transit,2024-02-02,Completed,Brazil
457,2024-01-13,266,719,162,458,541,79.83,Credit Card,Pending,2024-04-19,Completed,Brazil
619,2024-05-26,1,906,40,507,334,51.12,Cash,Delivered,2024-03-31,Pending,France
52,2024-06-06,843,897,998,832,426,30.8,Online Payment,Completed,2024-04-16,In Transit,Germany
987,2024-05-02,86,858,743,134,16,65.83,Online Payment,Pending,2024-05-11,Cancelled,China
428,2024-03-02,4,219,15,735,773,0.38,Online Payment,In Transit,2024-06-08,Pending,Canada
692,2024-04-12,627,101,196,122,623,32.52,Credit Card,Pending,2024-02-28,Pending,China
287,2024-05-13,187,103,488,875,945,64.99,Cash,Completed,2024-05-01,In Transit,Australia
84,2024-01-05,282,936,464,820,812,18.96,Debit Card,Completed,2024-02-19,Delivered,Japan
137,2024-05-06,534,837,667,661,356,18.85,Cash,Cancelled,2024-01-30,Delivered,Brazil
286,2024-01-04,44,42,211,698,266,91.48,Debit Card,In Transit,2024-03-02,Completed,Australia
970,2024-03-12,961,582,932,870,44,99.54,Credit Card,Cancelled,2024-05-07,Completed,UK
507,2024-05-18,660,925,470,656,446,61.02,Cash,Pending,2024-04-14,Pending,Australia
183,2024-02-10,385,602,299,10,142,24.74,Cash,In Transit,2024-02-22,Cancelled,China
342,2024-03-06,809,377,736,96,347,5.84,Debit Card,Cancelled,2024-01-09,Delivered,Japan
277,2024-02-01,154,598,297,370,405,89.86,Credit Card,Completed,2024-01-26,In Transit,Canada
301,2024-01-23,490,749,246,957,50,50.44,Cash,Pending,2024-02-04,Pending,Canada
878,2024-04-11,747,73,310,413,856,53.82,Online Payment,Delivered,2024-02-28,In Transit,Japan
425,2024-01-22,102,575,931,493,486,55.22,Credit Card,Delivered,2024-06-03,In Transit,Japan
1000,2024-06-06,352,128,491,119,717,81.54,Credit Card,Pending,2024-03-23,Delivered,Germany
39,2024-02-28,344,753,704,916,160,27.28,Cash,Pending,2024-05-01,Delivered,UK
579,2024-03-13,826,998,655,90,68,13.87,Online Payment,In Transit,2024-02-08,In Transit,France
768,2024-02-12,63,395,9,101,404,91.17,Credit Card,Delivered,2024-04-10,Cancelled,Brazil
297,2024-03-28,943,501,808,599,732,35.59,Online Payment,Completed,2024-03-23,Delivered,Canada
86,2024-03-12,226,268,600,796,171,70.65,Credit Card,Pending,2024-02-07,Completed,Japan
368,2024-01-23,66,842,885,874,719,4.52,Online Payment,Cancelled,2024-04-12,Completed,Canada
463,2024-05-26,694,207,122,510,408,42.02,Credit Card,Completed,2024-02-10,In Transit,Italy
657,2024-01-09,971,817,222,639,150,17.14,Credit Card,Pending,2024-02-08,Completed,Italy
470,2024-03-14,371,560,847,155,108,97.68,Debit Card,Cancelled,2024-04-04,Cancelled,USA
152,2024-04-19,416,654,697,434,899,85.39,Credit Card,Delivered,2024-04-06,Delivered,Germany
696,2024-03-03,854,511,511,651,687,33.09,Credit Card,Cancelled,2024-04-15,Delivered,Germany
625,2024-02-12,10,349,723,986,765,52.14,Cash,Pending,2024-06-07,In Transit,China
330,2024-01-07,538,152,896,264,618,25.54,Credit Card,Pending,2024-03-14,Cancelled,France
597,2024-02-27,736,724,827,482,68,13.86,Credit Card,Completed,2024-04-10,Pending,Brazil
890,2024-01-08,68,231,134,42,308,2.5,Cash,Cancelled,2024-05-27,In Transit,France
865,2024-03-28,339,883,165,820,153,75.48,Online Payment,Delivered,2024-03-13,Delivered,China
518,2024-03-15,923,543,515,35,588,14.85,Debit Card,Pending,2024-05-11,Delivered,Italy
814,2024-06-05,531,777,615,79,765,69.85,Cash,Completed,2024-05-26,Pending,USA
212,2024-02-26,549,923,613,428,846,79.0,Cash,Cancelled,2024-06-02,Cancelled,China
996,2024-03-16,623,601,240,872,886,3.35,Credit Card,Cancelled,2024-05-07,In Transit,France
907,2024-01-01,759,187,310,520,584,41.69,Credit Card,Cancelled,2024-03-05,Pending,USA
68,2024-04-05,881,269,966,845,311,66.85,Cash,Cancelled,2024-03-15,Delivered,UK
830,2024-03-15,64,168,657,958,131,39.14,Debit Card,Cancelled,2024-02-25,Completed,Australia
747,2024-06-10,343,57,965,37,493,68.46,Debit Card,Completed,2024-01-28,Cancelled,USA
504,2024-04-26,735,84,690,716,156,57.79,Credit Card,Cancelled,2024-03-20,Delivered,China
37,2024-04-28,478,396,470,49,104,77.15,Cash,Delivered,2024-05-31,Completed,Germany
156,2024-01-04,34,613,633,136,646,53.06,Online Payment,Delivered,2024-01-21,Cancelled,China
717,2024-04-16,665,355,200,393,803,80.33,Credit Card,Delivered,2024-01-22,Completed,Australia
903,2024-01-12,625,718,479,630,648,55.35,Online Payment,Completed,2024-05-06,Cancelled,China
128,2024-05-12,731,637,304,808,870,20.82,Debit Card,Pending,2024-03-16,In Transit,Japan
819,2024-02-27,939,764,894,981,698,19.91,Credit Card,Completed,2024-04-10,Completed,Canada
882,2024-06-01,194,40,801,402,456,60.87,Debit Card,Completed,2024-05-26,Delivered,France
196,2024-03-29,366,809,648,78,980,7.31,Credit Card,Delivered,2024-01-08,In Transit,UK
498,2024-02-19,923,28,968,533,683,93.26,Cash,Delivered,2024-04-21,Delivered,Italy
897,2024-02-11,236,96,795,840,906,82.31,Debit Card,Delivered,2024-05-15,Completed,China
537,2024-03-22,520,313,969,117,150,69.79,Debit Card,Cancelled,2024-04-19,In Transit,USA
433,2024-01-17,959,108,426,65,102,68.02,Online Payment,Pending,2024-05-30,Cancelled,Germany
160,2024-05-22,978,32,811,458,442,68.32,Credit Card,Completed,2024-01-06,In Transit,Australia
509,2024-03-04,740,259,81,361,73,19.88,Debit Card,Completed,2024-03-10,Delivered,Japan
709,2024-01-06,354,357,183,11,851,37.76,Cash,Pending,2024-06-08,Completed,Canada
375,2024-01-14,611,915,147,213,4,33.55,Debit Card,Completed,2024-05-07,Pending,Australia
690,2024-05-22,961,923,127,766,8,48.04,Online Payment,Cancelled,2024-03-12,In Transit,USA
707,2024-01-05,956,620,239,880,146,30.63,Credit Card,In Transit,2024-03-29,Delivered,USA
116,2024-04-02,353,725,983,265,134,4.57,Online Payment,Delivered,2024-02-10,In Transit,Australia
371,2024-03-06,485,984,300,304,960,90.63,Cash,Delivered,2024-05-03,Delivered,Canada
335,2024-02-05,608,83,106,547,595,50.42,Debit Card,Completed,2024-01-31,Cancelled,China
386,2024-01-29,969,129,824,229,324,83.28,Cash,Completed,2024-02-17,In Transit,USA
243,2024-05-26,189,299,382,430,680,7.57,Cash,In Transit,2024-01-26,Pending,Japan
616,2024-01-04,404,80,720,75,136,68.85,Cash,Delivered,2024-02-28,Completed,Germany
564,2024-03-21,759,949,146,606,433,48.82,Credit Card,Completed,2024-05-03,Pending,USA
364,2024-01-17,255,456,648,379,653,86.7,Credit Card,Cancelled,2024-01-12,Completed,Australia
386,2024-03-20,9,428,986,746,923,52.53,Cash,Pending,2024-03-26,Pending,Australia
209,2024-03-13,301,976,483,94,974,30.38,Cash,In Transit,2024-06-03,Delivered,UK
112,2024-02-23,115,572,621,705,158,73.09,Credit Card,In Transit,2024-03-18,Completed,UK
190,2024-05-29,432,443,179,254,983,74.29,Credit Card,Delivered,2024-03-07,Pending,Brazil
960,2024-04-11,146,364,474,647,653,14.17,Online Payment,Delivered,2024-04-03,Delivered,Italy
774,2024-02-09,302,2,851,716,460,75.69,Debit Card,Completed,2024-01-02,Completed,USA
224,2024-02-27,118,788,645,309,559,99.8,Cash,In Transit,2024-01-31,In Transit,Brazil
435,2024-05-17,770,483,95,695,510,38.07,Cash,Completed,2024-04-15,Delivered,Brazil
781,2024-03-19,287,648,23,124,277,6.64,Cash,Delivered,2024-01-01,Delivered,Japan
263,2024-03-18,539,912,596,728,406,72.84,Credit Card,Pending,2024-01-20,Pending,Canada
765,2024-02-19,363,291,893,774,689,32.11,Cash,Cancelled,2024-04-25,Completed,France
88,2024-01-07,73,812,269,313,547,55.68,Online Payment,Delivered,2024-01-23,Pending,Australia
543,2024-02-18,913,943,781,168,70,67.96,Credit Card,Pending,2024-02-26,Cancelled,Japan
290,2024-04-10,138,588,536,643,216,87.06,Credit Card,In Transit,2024-01-21,Delivered,Japan
421,2024-05-03,557,414,760,798,926,45.64,Online Payment,Completed,2024-02-26,Completed,Australia
453,2024-03-13,582,644,142,161,127,19.74,Debit Card,Completed,2024-03-15,Completed,Italy
411,2024-04-24,480,143,574,685,307,58.0,Debit Card,Cancelled,2024-05-02,Completed,UK
485,2024-05-24,426,224,489,501,712,82.17,Cash,Pending,2024-03-02,Delivered,Australia
505,2024-05-06,982,62,455,308,147,81.18,Credit Card,Completed,2024-01-11,In Transit,Australia
909,2024-04-30,221,27,364,483,401,1.65,Cash,Completed,2024-04-12,In Transit,Brazil
69,2024-05-13,888,84,703,973,760,64.73,Debit Card,Delivered,2024-01-02,Cancelled,Germany
370,2024-01-08,119,636,4,277,895,47.92,Debit Card,Completed,2024-05-21,Delivered,Australia
923,2024-02-14,145,770,587,295,196,17.27,Cash,Pending,2024-03-25,Delivered,China
472,2024-05-19,339,394,173,339,432,71.31,Credit Card,Completed,2024-01-29,Completed,Australia
459,2024-05-17,152,537,324,133,214,30.6,Cash,Completed,2024-03-27,In Transit,Italy
358,2024-06-02,399,438,827,504,399,36.07,Debit Card,Pending,2024-06-03,Completed,UK
201,2024-03-26,963,210,601,728,51,63.62,Online Payment,In Transit,2024-01-07,Cancelled,Germany
240,2024-05-02,87,892,192,373,59,28.4,Debit Card,Delivered,2024-02-15,In Transit,Japan
626,2024-02-27,628,89,722,890,525,46.6,Credit Card,Completed,2024-05-29,Delivered,Germany
899,2024-03-09,422,470,56,648,714,84.56,Credit Card,Delivered,2024-05-09,Pending,France
980,2024-05-05,978,561,953,753,957,70.55,Online Payment,Delivered,2024-04-22,Delivered,France
466,2024-04-05,261,722,488,221,346,43.56,Online Payment,Cancelled,2024-01-09,Cancelled,Germany
45,2024-01-11,167,359,4,297,671,1.16,Cash,Completed,2024-01-28,Completed,China
66,2024-06-01,439,697,228,994,624,64.96,Credit Card,Cancelled,2024-04-18,Cancelled,USA
944,2024-02-12,465,198,348,623,105,99.34,Credit Card,Pending,2024-01-17,Cancelled,Germany
814,2024-03-02,331,549,467,915,333,41.86,Debit Card,Pending,2024-01-06,Completed,Canada
535,2024-01-09,195,378,83,215,891,85.93,Credit Card,Completed,2024-03-08,Cancelled,China
193,2024-02-09,258,689,747,754,309,51.15,Credit Card,In Transit,2024-04-10,Pending,USA
881,2024-03-15,261,494,353,893,730,39.31,Debit Card,Delivered,2024-01-09,Completed,Australia
314,2024-04-17,75,10,472,508,742,71.79,Cash,Cancelled,2024-01-10,Pending,France
940,2024-06-06,423,506,472,451,121,14.02,Debit Card,Cancelled,2024-01-16,Cancelled,Australia
247,2024-01-20,847,784,158,424,906,34.97,Cash,Cancelled,2024-03-26,In Transit,China
628,2024-01-15,838,438,573,773,908,64.63,Debit Card,In Transit,2024-01-08,Completed,Germany
982,2024-02-05,256,502,226,132,861,45.71,Cash,Pending,2024-03-09,Delivered,USA
328,2024-03-25,110,571,922,293,625,88.64,Debit Card,Pending,2024-06-02,Cancelled,UK
207,2024-05-18,304,797,453,527,620,75.7,Debit Card,Pending,2024-04-14,Pending,Brazil
650,2024-02-20,280,238,17,122,630,16.2,Cash,Delivered,2024-02-03,Completed,USA
751,2024-03-21,255,224,292,901,754,1.05,Credit Card,Delivered,2024-05-24,Completed,Germany
549,2024-04-10,439,880,51,125,394,44.64,Debit Card,Delivered,2024-01-23,Cancelled,UK
995,2024-05-23,579,368,236,692,734,89.56,Online Payment,Pending,2024-05-08,In Transit,Japan
289,2024-02-13,758,852,924,246,67,84.89,Cash,Cancelled,2024-02-29,Completed,Canada
691,2024-03-04,240,383,644,492,294,95.36,Online Payment,Cancelled,2024-02-03,In Transit,France
141,2024-06-06,16,567,517,336,376,95.91,Online Payment,Delivered,2024-05-03,Completed,Japan
26,2024-06-06,133,898,406,159,1000,28.96,Cash,Delivered,2024-04-09,Pending,China
79,2024-01-27,784,212,801,938,794,81.38,Cash,Delivered,2024-04-20,Completed,USA
786,2024-05-15,993,219,241,751,136,38.28,Credit Card,Cancelled,2024-05-27,Completed,UK
394,2024-03-09,624,606,136,645,511,17.69,Debit Card,Delivered,2024-04-29,Delivered,USA
854,2024-01-06,540,611,368,501,467,50.57,Online Payment,Delivered,2024-01-03,Pending,Canada
982,2024-02-12,569,669,167,677,901,81.05,Online Payment,Cancelled,2024-06-06,In Transit,USA
977,2024-05-23,493,560,322,722,869,12.9,Cash,Delivered,2024-02-20,Completed,Australia
141,2024-04-27,412,721,196,842,325,47.79,Debit Card,Cancelled,2024-03-15,Completed,Australia
967,2024-01-12,214,40,323,744,766,40.89,Online Payment,Completed,2024-03-07,Pending,Brazil
884,2024-03-26,685,744,676,674,232,42.61,Credit Card,Cancelled,2024-03-07,In Transit,Italy
688,2024-02-01,313,18,365,588,553,9.53,Debit Card,Delivered,2024-05-22,Delivered,Germany
646,2024-01-30,362,23,503,643,63,4.02,Online Payment,Pending,2024-02-16,In Transit,Japan
47,2024-01-03,232,969,670,335,69,10.22,Cash,Completed,2024-03-07,Completed,Brazil
996,2024-05-08,433,140,914,945,222,73.55,Credit Card,Completed,2024-03-25,Cancelled,Japan
146,2024-03-10,320,182,665,337,746,66.95,Online Payment,Delivered,2024-03-15,Completed,Brazil
10,2024-03-20,913,271,547,545,824,75.8,Cash,Cancelled,2024-05-27,Pending,Italy
43,2024-04-19,944,126,419,977,400,28.06,Credit Card,Completed,2024-01-01,Completed,Brazil
513,2024-01-27,637,890,678,527,861,24.27,Cash,In Transit,2024-01-16,Cancelled,Germany
338,2024-02-16,861,849,841,181,253,3.6,Debit Card,Pending,2024-06-05,Completed,Japan
918,2024-02-02,761,807,859,701,575,27.57,Cash,Cancelled,2024-05-19,In Transit,USA
81,2024-03-23,950,886,613,107,636,74.95,Debit Card,In Transit,2024-05-17,Completed,Japan
154,2024-04-29,617,42,259,349,826,61.68,Online Payment,Cancelled,2024-01-06,Cancelled,Australia
641,2024-01-08,509,92,367,300,688,24.7,Cash,In Transit,2024-03-29,Pending,USA
242,2024-04-08,365,167,754,772,415,55.31,Credit Card,Completed,2024-02-22,Delivered,Japan
823,2024-04-05,968,403,16,319,544,47.22,Online Payment,Pending,2024-04-16,In Transit,Brazil
481,2024-01-07,792,545,585,566,269,6.27,Cash,Delivered,2024-03-29,Delivered,Canada
405,2024-05-20,123,414,355,508,53,3.38,Online Payment,Delivered,2024-02-23,In Transit,China
758,2024-01-07,261,698,697,596,720,47.47,Online Payment,Completed,2024-05-13,Delivered,Brazil
781,2024-02-10,781,542,529,349,396,41.06,Debit Card,Delivered,2024-02-10,Completed,Italy
119,2024-04-19,338,825,992,966,947,39.75,Debit Card,Completed,2024-04-23,Cancelled,Australia
691,2024-05-19,546,698,897,362,167,25.07,Online Payment,Completed,2024-03-05,In Transit,Germany
867,2024-05-25,840,10,599,836,53,92.54,Credit Card,Delivered,2024-01-31,Completed,China
976,2024-03-07,372,299,641,301,331,81.07,Credit Card,Completed,2024-06-01,In Transit,France
414,2024-04-26,442,175,2,808,145,93.15,Cash,Cancelled,2024-01-09,Pending,USA
453,2024-01-25,350,952,10,972,739,78.71,Cash,Pending,2024-05-08,Completed,Japan
839,2024-05-08,798,264,766,627,193,11.5,Online Payment,Cancelled,2024-04-16,Delivered,USA
959,2024-03-23,286,973,851,179,543,27.82,Cash,Delivered,2024-01-13,Delivered,USA
675,2024-05-04,162,594,113,965,517,89.03,Online Payment,Pending,2024-04-27,In Transit,China
394,2024-05-26,446,273,319,292,14,70.23,Debit Card,Pending,2024-05-31,Pending,Australia
840,2024-05-19,288,969,265,551,540,90.85,Cash,Delivered,2024-03-02,Delivered,Australia
351,2024-02-06,723,802,443,811,146,0.97,Online Payment,Pending,2024-05-25,Pending,Australia
524,2024-01-31,804,677,719,946,801,92.28,Debit Card,In Transit,2024-03-15,Completed,Japan
370,2024-03-31,973,38,576,935,422,37.4,Credit Card,Pending,2024-01-04,Completed,USA
371,2024-04-12,964,163,697,200,647,58.07,Cash,Completed,2024-05-01,Pending,Canada
717,2024-04-06,20,749,753,256,586,39.66,Cash,In Transit,2024-02-23,Completed,UK
190,2024-05-27,949,431,80,587,459,38.78,Cash,Cancelled,2024-05-24,Delivered,Australia
731,2024-03-28,885,522,917,827,830,16.45,Credit Card,In Transit,2024-02-06,In Transit,Japan
169,2024-03-26,946,67,951,437,650,64.67,Online Payment,Delivered,2024-02-22,Cancelled,Australia
259,2024-03-25,903,776,793,365,625,53.7,Debit Card,Cancelled,2024-01-18,Cancelled,France
315,2024-01-06,505,12,781,257,208,65.19,Credit Card,Completed,2024-03-16,Pending,China
447,2024-05-30,651,641,690,399,714,6.29,Credit Card,Cancelled,2024-04-23,Completed,USA
477,2024-03-09,850,583,130,578,728,45.6,Credit Card,Delivered,2024-03-04,Pending,Italy
842,2024-01-05,408,486,944,535,139,6.81,Online Payment,In Transit,2024-01-16,Pending,Australia
580,2024-03-08,370,5,72,196,735,18.15,Debit Card,Cancelled,2024-05-10,In Transit,Germany
554,2024-04-01,45,323,951,862,866,4.15,Credit Card,Cancelled,2024-03-02,Cancelled,UK
403,2024-01-25,784,651,282,417,687,23.28,Online Payment,Cancelled,2024-04-25,Cancelled,France
152,2024-03-19,888,314,524,62,167,20.54,Credit Card,Pending,2024-01-27,Cancelled,Germany
933,2024-04-03,723,658,734,783,741,7.65,Debit Card,In Transit,2024-05-21,Cancelled,Canada
844,2024-04-10,45,844,569,708,763,63.44,Debit Card,Cancelled,2024-02-04,Cancelled,Brazil
353,2024-06-04,600,833,85,83,574,28.57,Online Payment,Cancelled,2024-06-06,Delivered,China
272,2024-02-09,820,268,336,718,726,41.59,Debit Card,Completed,2024-05-31,Cancelled,UK
266,2024-04-10,958,468,932,159,775,73.53,Credit Card,Completed,2024-04-17,Delivered,Australia
157,2024-01-08,648,600,182,657,525,5.53,Online Payment,Completed,2024-05-27,Delivered,Australia
324,2024-06-07,970,74,198,664,811,74.8,Online Payment,Delivered,2024-04-28,Completed,Germany
245,2024-06-06,470,535,164,727,342,22.09,Credit Card,Pending,2024-04-02,Completed,USA
791,2024-04-17,59,557,85,841,531,56.25,Online Payment,Pending,2024-01-01,Delivered,Italy
833,2024-05-30,82,107,438,623,361,93.43,Credit Card,Delivered,2024-03-28,In Transit,Japan
344,2024-06-10,388,525,371,862,883,19.47,Credit Card,Pending,2024-01-27,Pending,Australia
325,2024-01-05,187,752,129,20,346,99.52,Debit Card,Pending,2024-02-07,Cancelled,China
46,2024-03-21,661,64,716,319,816,63.81,Cash,Delivered,2024-01-11,Completed,UK
615,2024-05-29,814,729,173,367,941,12.68,Cash,In Transit,2024-03-20,In Transit,Canada
56,2024-03-26,364,619,924,636,775,41.91,Cash,Delivered,2024-05-10,In Transit,Italy
318,2024-04-19,870,824,465,423,186,5.02,Online Payment,In Transit,2024-03-29,Cancelled,Brazil
822,2024-02-21,196,973,397,66,367,15.77,Debit Card,Completed,2024-01-24,Completed,Italy
27,2024-03-09,22,182,414,631,708,2.23,Credit Card,Pending,2024-03-03,Delivered,Canada
468,2024-06-02,568,764,893,712,508,78.07,Debit Card,Cancelled,2024-01-16,Completed,UK
879,2024-01-11,549,883,412,810,803,42.96,Online Payment,Completed,2024-01-06,Completed,Japan
664,2024-04-10,99,857,847,83,342,58.74,Cash,Completed,2024-01-20,In Transit,China
483,2024-01-07,158,931,529,641,825,47.03,Debit Card,In Transit,2024-01-08,Cancelled,Canada
1,2024-03-14,346,161,968,562,713,24.06,Debit Card,Completed,2024-02-01,In Transit,Brazil
179,2024-05-31,943,163,656,697,249,53.78,Cash,Pending,2024-01-05,Cancelled,Australia
495,2024-05-01,695,408,46,232,247,46.13,Cash,In Transit,2024-03-04,Pending,USA
175,2024-02-16,361,232,168,900,431,75.84,Credit Card,In Transit,2024-03-11,In Transit,China
898,2024-04-19,142,396,579,790,14,26.56,Cash,In Transit,2024-04-23,Completed,USA
6,2024-05-13,400,736,821,177,153,3.19,Online Payment,Pending,2024-01-05,Pending,UK
844,2024-03-03,523,4,40,49,796,18.33,Credit Card,Pending,2024-04-21,Pending,Australia
627,2024-01-29,798,157,690,806,389,4.33,Debit Card,Pending,2024-03-22,Pending,Canada
447,2024-04-20,936,703,341,729,254,22.58,Online Payment,Cancelled,2024-03-11,In Transit,Italy
523,2024-02-12,547,410,75,133,418,92.75,Debit Card,Delivered,2024-05-07,Completed,Italy
360,2024-01-19,442,918,447,252,483,62.54,Credit Card,In Transit,2024-02-13,In Transit,China
939,2024-03-17,246,661,493,407,943,95.25,Online Payment,Delivered,2024-01-14,Cancelled,France
856,2024-02-19,283,907,540,381,556,3.55,Debit Card,In Transit,2024-04-27,Pending,Australia
627,2024-05-31,486,898,243,283,42,52.68,Online Payment,In Transit,2024-06-03,Cancelled,Germany
401,2024-05-01,110,548,899,874,50,23.62,Cash,Pending,2024-05-18,In Transit,Japan
402,2024-01-06,787,432,749,892,1000,64.4,Debit Card,Cancelled,2024-03-25,Cancelled,Japan
947,2024-01-21,731,472,619,474,166,27.78,Credit Card,Pending,2024-03-07,Completed,China
486,2024-03-20,163,605,941,886,291,82.5,Debit Card,Cancelled,2024-01-22,Delivered,Canada
956,2024-03-12,354,147,644,367,785,77.44,Cash,Cancelled,2024-05-02,Pending,Brazil
532,2024-05-26,56,201,899,981,264,28.98,Credit Card,Cancelled,2024-05-20,In Transit,UK
598,2024-03-04,304,390,650,43,299,90.34,Credit Card,Pending,2024-03-24,Cancelled,France
36,2024-05-12,421,276,385,746,214,56.83,Online Payment,Completed,2024-01-27,Completed,Canada
136,2024-01-22,628,366,170,32,441,94.48,Credit Card,Completed,2024-03-18,Pending,China
475,2024-01-15,658,728,725,698,80,69.7,Credit Card,Completed,2024-04-15,Cancelled,Japan
744,2024-04-17,142,174,157,213,169,37.39,Debit Card,Pending,2024-01-06,Delivered,Japan
538,2024-01-27,839,505,366,922,904,47.19,Debit Card,Cancelled,2024-05-19,Cancelled,USA
813,2024-03-06,701,122,822,986,937,66.98,Cash,Delivered,2024-05-30,Delivered,France
884,2024-02-20,921,163,351,644,514,54.36,Online Payment,Cancelled,2024-04-13,In Transit,UK
712,2024-01-29,935,386,758,762,569,50.01,Online Payment,Completed,2024-02-15,In Transit,Germany
902,2024-03-14,355,400,972,483,524,50.16,Online Payment,Delivered,2024-03-20,Pending,France
417,2024-06-06,101,700,997,158,152,0.8,Debit Card,In Transit,2024-04-23,In Transit,USA
610,2024-05-03,722,958,903,530,110,33.57,Credit Card,Cancelled,2024-04-25,Pending,USA
660,2024-04-27,526,114,274,706,750,27.62,Debit Card,Completed,2024-03-13,Pending,UK
88,2024-06-03,37,11,119,914,371,78.75,Debit Card,Completed,2024-03-02,Delivered,Italy
111,2024-05-11,464,378,599,714,260,79.71,Credit Card,In Transit,2024-06-06,Delivered,USA
795,2024-02-14,945,163,576,565,848,12.76,Credit Card,Cancelled,2024-05-31,Cancelled,Japan
877,2024-04-08,943,908,173,27,848,27.33,Credit Card,Completed,2024-04-10,Delivered,Germany
419,2024-04-28,677,214,449,726,701,66.35,Cash,Cancelled,2024-02-21,Pending,Australia
22,2024-04-24,138,942,398,176,907,72.24,Debit Card,In Transit,2024-04-19,Cancelled,USA
55,2024-03-13,952,822,89,660,603,66.38,Online Payment,Cancelled,2024-03-05,Cancelled,Australia
239,2024-04-08,895,467,41,492,635,16.67,Online Payment,Completed,2024-02-22,Cancelled,UK
854,2024-04-08,503,565,661,404,485,43.46,Cash,In Transit,2024-02-05,Delivered,France
236,2024-04-15,374,164,310,873,624,23.53,Cash,Completed,2024-03-29,Delivered,Japan
71,2024-01-14,490,403,580,976,420,91.11,Credit Card,Delivered,2024-01-18,Cancelled,Australia
272,2024-04-03,236,835,114,304,145,58.89,Credit Card,Completed,2024-06-06,Cancelled,France
97,2024-01-27,675,885,59,843,682,22.41,Cash,In Transit,2024-04-23,Cancelled,Canada
573,2024-02-08,8,34,883,415,572,98.58,Cash,Delivered,2024-04-05,Cancelled,Canada
732,2024-05-14,110,954,485,573,356,56.2,Credit Card,In Transit,2024-01-19,Cancelled,Canada
703,2024-01-01,248,233,510,859,319,44.96,Cash,Pending,2024-02-13,Pending,China
10,2024-04-06,364,970,978,522,949,55.84,Credit Card,In Transit,2024-01-18,Completed,Italy
80,2024-02-29,588,433,232,757,377,62.44,Debit Card,Cancelled,2024-05-27,Cancelled,Brazil
149,2024-02-14,295,959,205,761,795,78.82,Cash,Cancelled,2024-05-08,Delivered,Japan
902,2024-05-31,368,290,394,628,133,19.57,Online Payment,Pending,2024-03-18,Completed,USA
364,2024-04-07,890,483,235,672,727,61.26,Credit Card,Delivered,2024-05-02,Pending,China
938,2024-03-10,443,285,368,997,411,46.38,Credit Card,Delivered,2024-01-21,Cancelled,Italy
492,2024-02-26,124,457,158,353,956,39.9,Debit Card,Completed,2024-05-24,In Transit,Japan
192,2024-03-06,512,235,113,698,394,63.68,Cash,Pending,2024-03-31,In Transit,USA
526,2024-03-30,959,580,849,633,226,65.41,Credit Card,Pending,2024-04-07,In Transit,Germany
319,2024-04-04,239,323,531,701,2,15.05,Online Payment,Delivered,2024-04-01,Cancelled,Brazil
325,2024-03-17,913,973,233,841,991,70.67,Cash,Completed,2024-01-10,Delivered,Brazil
590,2024-05-29,42,417,96,270,206,53.54,Cash,In Transit,2024-02-04,In Transit,UK
116,2024-02-05,817,716,373,29,240,7.15,Cash,Cancelled,2024-01-02,Pending,Japan
392,2024-04-13,5,133,120,842,620,99.26,Debit Card,Completed,2024-02-08,In Transit,USA
84,2024-05-23,478,203,869,2,533,68.02,Online Payment,Cancelled,2024-01-13,Delivered,France
550,2024-02-04,949,240,233,951,426,62.57,Online Payment,In Transit,2024-04-02,Pending,France
827,2024-01-01,447,216,391,1000,784,6.74,Cash,In Transit,2024-04-29,Pending,Canada
978,2024-02-22,30,597,356,721,377,55.26,Cash,Delivered,2024-05-11,Completed,Canada
465,2024-05-04,138,611,530,95,258,16.91,Debit Card,Cancelled,2024-05-18,Pending,Japan
106,2024-02-22,25,709,146,636,791,22.26,Credit Card,In Transit,2024-03-14,Delivered,Canada
213,2024-04-21,1000,676,328,207,432,83.23,Online Payment,In Transit,2024-04-07,Completed,Canada
124,2024-04-18,109,710,933,487,128,83.39,Debit Card,Delivered,2024-03-27,Completed,Japan
482,2024-02-04,466,561,348,132,427,41.68,Online Payment,Cancelled,2024-03-14,Cancelled,Japan
81,2024-04-19,518,344,840,842,884,38.26,Cash,In Transit,2024-03-29,Cancelled,Germany
255,2024-03-09,493,794,958,421,25,73.23,Cash,Completed,2024-05-20,Delivered,France
910,2024-01-02,566,415,982,783,794,73.08,Cash,Pending,2024-02-13,Delivered,Japan
440,2024-02-16,260,489,487,145,234,72.23,Online Payment,Delivered,2024-02-25,Completed,Italy
369,2024-05-06,498,614,955,952,153,85.58,Online Payment,Cancelled,2024-05-12,In Transit,USA
90,2024-02-06,308,956,531,647,690,20.11,Cash,Cancelled,2024-01-12,Completed,Japan
159,2024-03-07,38,343,891,637,825,26.27,Online Payment,In Transit,2024-05-28,Pending,France
922,2024-03-31,400,695,193,422,509,31.46,Credit Card,In Transit,2024-02-02,Cancelled,China
401,2024-01-10,806,971,822,791,985,55.53,Credit Card,Completed,2024-05-27,Pending,Germany
699,2024-06-10,534,193,742,336,188,85.06,Online Payment,Completed,2024-04-15,Cancelled,France
730,2024-04-25,597,445,156,649,706,80.84,Cash,Delivered,2024-05-08,Pending,Brazil
585,2024-02-11,613,452,34,249,500,98.95,Online Payment,Pending,2024-03-02,In Transit,USA
570,2024-05-21,202,1,45,64,138,39.78,Online Payment,Cancelled,2024-03-27,In Transit,France
896,2024-05-10,625,230,677,701,112,84.49,Debit Card,Pending,2024-03-23,Pending,Australia
947,2024-05-05,650,294,907,700,347,80.84,Credit Card,In Transit,2024-05-13,Completed,UK
197,2024-02-01,382,571,864,366,735,71.78,Online Payment,Pending,2024-03-16,Cancelled,Italy
450,2024-05-08,326,867,480,69,151,36.0,Credit Card,Completed,2024-05-26,In Transit,USA
117,2024-05-25,160,977,959,404,974,76.0,Cash,Pending,2024-05-17,Cancelled,China
554,2024-02-10,914,377,722,48,22,66.54,Cash,Cancelled,2024-02-10,In Transit,Australia
90,2024-03-21,600,584,895,810,422,88.61,Debit Card,Delivered,2024-02-10,In Transit,USA
649,2024-01-01,984,685,140,544,659,80.23,Credit Card,In Transit,2024-02-29,Pending,UK
390,2024-04-15,551,68,81,620,994,80.73,Credit Card,Cancelled,2024-05-26,Completed,Canada
16,2024-02-09,430,632,776,369,320,13.71,Online Payment,In Transit,2024-05-24,Pending,Australia
24,2024-05-29,828,245,629,992,887,4.56,Debit Card,Cancelled,2024-04-24,Pending,Australia
885,2024-04-09,377,158,477,265,113,97.24,Credit Card,In Transit,2024-03-27,Completed,UK
286,2024-02-12,392,394,764,519,950,55.66,Cash,Completed,2024-02-14,Completed,Germany
844,2024-04-24,271,959,92,46,159,51.69,Online Payment,In Transit,2024-05-01,Cancelled,Italy
599,2024-04-19,497,65,979,540,491,71.22,Online Payment,Cancelled,2024-03-03,Delivered,UK
395,2024-05-21,894,25,120,445,622,21.88,Cash,Completed,2024-05-27,Pending,China
146,2024-01-07,122,723,441,254,33,44.56,Credit Card,Pending,2024-02-21,Pending,France
394,2024-01-23,353,299,383,631,823,31.05,Cash,In Transit,2024-05-24,Pending,France
845,2024-04-15,555,62,347,528,566,2.28,Online Payment,Completed,2024-02-01,Cancelled,Japan
930,2024-04-06,840,23,653,884,265,54.32,Credit Card,In Transit,2024-01-27,Pending,China
353,2024-01-20,629,575,428,979,810,11.08,Credit Card,Delivered,2024-02-18,Completed,Australia
585,2024-01-21,534,77,882,601,132,79.5,Cash,In Transit,2024-01-07,In Transit,Brazil
533,2024-05-31,229,356,100,572,857,35.54,Cash,In Transit,2024-02-04,Delivered,Japan
711,2024-05-08,985,236,409,207,624,71.92,Debit Card,Completed,2024-03-08,Delivered,Brazil
162,2024-02-22,739,997,917,357,998,89.66,Debit Card,Delivered,2024-02-08,Completed,China
222,2024-03-31,849,322,132,284,575,0.07,Credit Card,Completed,2024-01-17,Completed,China
677,2024-06-08,336,316,894,724,801,52.96,Credit Card,Pending,2024-01-07,Delivered,Italy
87,2024-04-28,15,300,823,118,171,45.1,Credit Card,Cancelled,2024-02-09,Delivered,UK
526,2024-04-17,355,886,460,92,425,82.36,Online Payment,Delivered,2024-04-13,Completed,France
852,2024-03-20,126,83,608,475,332,28.53,Online Payment,Cancelled,2024-02-27,Completed,UK
247,2024-05-02,448,690,716,294,33,3.75,Credit Card,Completed,2024-01-02,Cancelled,China
654,2024-02-22,79,892,1000,678,321,51.92,Credit Card,Delivered,2024-04-16,Completed,USA
670,2024-02-25,50,803,726,255,870,84.64,Cash,Completed,2024-01-28,Completed,Japan
266,2024-04-25,58,805,398,429,288,95.42,Cash,Pending,2024-02-13,In Transit,USA
260,2024-03-01,933,828,546,502,911,73.53,Debit Card,Pending,2024-05-17,Pending,Canada
126,2024-03-23,384,174,534,53,237,78.2,Cash,Completed,2024-03-15,Delivered,Japan
32,2024-02-16,84,316,101,845,188,21.08,Credit Card,Pending,2024-03-25,Pending,Brazil
16,2024-05-26,371,539,424,128,540,40.39,Cash,Pending,2024-04-07,Pending,China
289,2024-02-22,414,442,483,715,960,9.56,Debit Card,Pending,2024-02-01,Delivered,Australia
727,2024-04-11,366,208,256,155,227,49.28,Cash,In Transit,2024-06-02,Pending,Japan
149,2024-02-06,565,257,558,28,186,38.11,Credit Card,Pending,2024-06-08,In Transit,France
740,2024-03-22,948,905,723,967,161,39.87,Online Payment,Pending,2024-05-27,Pending,France
574,2024-01-26,903,854,596,698,173,40.62,Credit Card,Cancelled,2024-04-11,In Transit,France
793,2024-02-28,818,889,877,815,726,3.44,Credit Card,Completed,2024-05-20,Completed,Italy
472,2024-06-02,927,868,205,64,422,27.49,Debit Card,Pending,2024-03-14,Delivered,France
518,2024-03-16,218,395,547,539,506,16.88,Online Payment,Delivered,2024-01-25,In Transit,China
877,2024-01-17,546,12,921,845,916,13.39,Debit Card,Pending,2024-01-03,Cancelled,UK
985,2024-05-25,249,764,406,462,691,45.18,Debit Card,In Transit,2024-03-21,Delivered,Germany
997,2024-03-08,678,406,265,744,79,25.84,Debit Card,Delivered,2024-04-23,In Transit,China
249,2024-05-23,215,879,47,780,875,8.79,Credit Card,Delivered,2024-04-09,Delivered,Canada
829,2024-01-14,710,457,255,462,728,22.03,Online Payment,Delivered,2024-04-26,Pending,Japan
642,2024-04-08,297,14,613,152,360,58.65,Debit Card,Delivered,2024-03-12,Delivered,Italy
850,2024-02-27,514,658,705,260,137,3.68,Credit Card,Cancelled,2024-04-03,Cancelled,UK
827,2024-05-22,958,854,876,205,624,65.02,Cash,In Transit,2024-03-06,Completed,Italy
485,2024-02-28,451,143,487,839,304,54.37,Online Payment,Pending,2024-03-08,Cancelled,France
874,2024-05-03,618,390,406,593,411,82.16,Cash,Delivered,2024-02-27,Completed,UK
691,2024-06-07,776,579,864,241,194,70.66,Credit Card,Pending,2024-02-12,Delivered,France
272,2024-04-09,172,522,144,828,612,84.76,Online Payment,Delivered,2024-05-26,Delivered,Germany
922,2024-04-13,797,934,519,857,847,77.96,Online Payment,In Transit,2024-03-07,Delivered,USA
266,2024-03-25,309,468,929,667,540,8.54,Debit Card,Cancelled,2024-06-02,Delivered,Japan
748,2024-02-07,992,264,470,708,71,2.99,Debit Card,In Transit,2024-02-09,Cancelled,UK
612,2024-01-21,877,263,813,966,2,35.48,Credit Card,Cancelled,2024-02-05,Cancelled,USA
633,2024-02-03,929,989,678,370,625,43.85,Cash,Delivered,2024-01-02,In Transit,France
691,2024-05-07,17,22,623,939,951,27.43,Debit Card,Cancelled,2024-06-10,Pending,Italy
892,2024-03-01,986,842,242,403,843,81.88,Cash,Cancelled,2024-05-23,Delivered,France
372,2024-03-09,90,597,443,801,119,4.05,Cash,In Transit,2024-05-29,Delivered,France
177,2024-01-03,609,545,280,362,757,34.17,Online Payment,Cancelled,2024-03-15,Delivered,Canada
202,2024-03-02,189,815,184,509,674,24.76,Cash,Pending,2024-04-28,Pending,Germany
606,2024-04-08,418,601,643,964,933,37.14,Cash,Pending,2024-01-01,Completed,Japan
56,2024-03-25,919,619,33,662,664,22.2,Online Payment,Delivered,2024-04-07,Completed,Germany
88,2024-03-22,318,340,649,939,642,30.97,Online Payment,In Transit,2024-05-18,In Transit,USA
63,2024-03-06,995,142,324,673,765,44.95,Debit Card,Pending,2024-04-04,Pending,USA
493,2024-04-28,935,339,277,918,662,12.76,Debit Card,Completed,2024-03-30,In Transit,USA
824,2024-05-26,164,920,111,525,266,91.57,Online Payment,Cancelled,2024-05-18,In Transit,Brazil
415,2024-04-28,459,432,688,163,623,68.67,Cash,Completed,2024-05-28,Delivered,Brazil
130,2024-05-13,673,833,961,793,807,18.41,Debit Card,Cancelled,2024-04-23,In Transit,China
792,2024-01-22,859,191,765,987,494,48.2,Debit Card,Delivered,2024-05-13,In Transit,Brazil
747,2024-01-20,702,783,436,269,283,18.12,Debit Card,Delivered,2024-05-03,Cancelled,Japan
365,2024-04-08,846,549,822,77,9,6.7,Online Payment,In Transit,2024-04-28,Cancelled,Japan
16,2024-05-30,977,142,910,126,418,63.08,Online Payment,Completed,2024-06-01,Pending,USA
493,2024-01-06,321,648,840,144,88,64.23,Credit Card,In Transit,2024-05-05,In Transit,UK
594,2024-05-25,231,50,215,423,937,4.52,Credit Card,Pending,2024-01-10,In Transit,Italy
614,2024-05-31,409,136,574,749,721,48.69,Credit Card,Cancelled,2024-03-19,In Transit,USA
415,2024-06-10,560,57,761,857,457,88.86,Online Payment,Completed,2024-01-29,Completed,France
575,2024-01-25,660,213,603,979,173,14.62,Credit Card,Cancelled,2024-04-21,Delivered,China
481,2024-02-25,275,259,217,413,702,1.47,Credit Card,Delivered,2024-05-03,Cancelled,Italy
883,2024-01-11,537,793,797,72,898,1.68,Cash,Delivered,2024-05-04,Pending,USA
292,2024-01-31,792,145,853,780,520,22.05,Credit Card,In Transit,2024-01-23,Pending,France
977,2024-03-05,7,759,841,332,858,23.81,Debit Card,In Transit,2024-03-05,Delivered,Italy
593,2024-05-25,65,89,382,213,260,73.9,Debit Card,Delivered,2024-03-05,Delivered,Brazil
699,2024-04-04,482,549,540,87,83,51.69,Credit Card,In Transit,2024-03-26,Pending,Japan
393,2024-05-30,413,556,492,565,437,84.97,Debit Card,Delivered,2024-01-15,In Transit,France
929,2024-02-12,148,660,410,849,896,83.79,Online Payment,Completed,2024-03-01,In Transit,Japan
152,2024-01-14,147,160,36,394,661,92.6,Cash,Pending,2024-01-23,In Transit,Australia
681,2024-01-14,537,275,579,310,361,78.14,Credit Card,Delivered,2024-03-19,In Transit,Germany
606,2024-06-07,327,762,686,927,638,76.47,Cash,In Transit,2024-04-09,Delivered,UK
354,2024-02-15,796,515,39,743,394,59.96,Online Payment,Delivered,2024-03-07,Cancelled,USA
812,2024-04-09,8,256,589,79,487,18.17,Debit Card,In Transit,2024-03-12,Cancelled,USA
446,2024-05-28,634,250,559,25,532,83.19,Cash,In Transit,2024-01-22,Pending,Australia
998,2024-01-08,584,368,41,966,375,29.46,Credit Card,Completed,2024-03-07,Delivered,Japan
276,2024-04-04,495,775,937,904,970,68.66,Online Payment,In Transit,2024-01-01,Completed,Brazil
831,2024-05-05,789,242,671,671,489,56.4,Online Payment,Pending,2024-05-12,Completed,Brazil
823,2024-06-09,804,744,165,945,45,78.68,Debit Card,Cancelled,2024-04-12,Completed,USA
675,2024-02-02,854,395,713,295,702,95.07,Credit Card,Pending,2024-04-03,In Transit,UK
219,2024-01-06,725,466,639,615,846,28.41,Debit Card,Completed,2024-04-28,Completed,Japan
453,2024-03-02,593,336,441,582,788,23.6,Online Payment,Completed,2024-04-09,Delivered,UK
440,2024-03-17,243,378,391,303,247,34.63,Cash,Cancelled,2024-02-19,Completed,France
986,2024-02-16,550,602,887,951,907,60.95,Debit Card,Pending,2024-03-29,Delivered,Brazil
244,2024-04-26,346,639,649,150,330,39.9,Cash,Pending,2024-01-28,Completed,Australia
865,2024-05-27,263,564,178,550,722,97.72,Cash,In Transit,2024-01-23,Cancelled,Germany
916,2024-03-27,492,210,709,186,615,58.64,Credit Card,Cancelled,2024-04-27,In Transit,Japan
256,2024-05-17,822,91,554,509,927,34.45,Debit Card,Cancelled,2024-02-27,Delivered,USA
400,2024-02-23,525,207,363,865,417,51.66,Debit Card,Cancelled,2024-05-21,Pending,Australia
22,2024-01-09,197,980,202,619,852,26.79,Cash,Cancelled,2024-04-18,Delivered,Italy
470,2024-01-16,257,514,295,706,499,68.77,Debit Card,Completed,2024-06-07,Delivered,China
322,2024-05-10,761,958,717,895,714,63.13,Online Payment,Pending,2024-01-11,Cancelled,China
885,2024-01-23,914,61,343,164,782,43.6,Online Payment,Cancelled,2024-04-29,Cancelled,Japan
738,2024-04-18,449,317,562,921,425,78.92,Cash,Completed,2024-03-13,Delivered,Brazil
226,2024-05-11,92,744,83,998,810,14.94,Credit Card,Delivered,2024-04-08,Pending,China
18,2024-05-08,597,526,339,979,751,97.75,Debit Card,Pending,2024-01-19,Cancelled,Australia
923,2024-04-19,241,21,43,808,98,51.13,Debit Card,Completed,2024-01-18,Delivered,Japan
836,2024-04-24,892,401,727,132,791,94.33,Online Payment,In Transit,2024-04-28,Delivered,Italy
544,2024-02-08,285,303,163,931,189,96.72,Debit Card,Delivered,2024-02-13,In Transit,Brazil
141,2024-01-26,897,234,265,508,808,49.72,Online Payment,Pending,2024-01-29,Cancelled,UK
753,2024-04-29,278,210,81,140,920,66.67,Credit Card,Completed,2024-02-05,Delivered,China
204,2024-04-24,18,360,551,675,492,20.67,Online Payment,Pending,2024-05-26,Delivered,France
835,2024-05-23,278,84,920,738,717,45.75,Credit Card,Delivered,2024-06-02,Completed,Brazil
614,2024-05-23,226,5,916,147,844,33.93,Debit Card,Cancelled,2024-05-23,Pending,Germany
592,2024-05-11,4,429,131,149,497,88.23,Debit Card,Cancelled,2024-01-08,Completed,Canada
516,2024-03-02,973,226,686,179,468,51.87,Credit Card,Completed,2024-05-08,Delivered,UK
903,2024-03-26,237,964,665,653,752,45.11,Credit Card,Pending,2024-05-11,Completed,Italy
725,2024-02-06,103,359,502,279,362,88.25,Debit Card,Completed,2024-04-24,Delivered,Canada
993,2024-02-24,224,293,566,402,68,28.7,Credit Card,In Transit,2024-03-13,In Transit,Japan
117,2024-04-24,931,668,98,530,873,22.68,Credit Card,In Transit,2024-05-18,Pending,Canada
892,2024-03-30,148,433,268,918,752,87.84,Debit Card,Delivered,2024-02-07,Delivered,Australia
780,2024-06-02,182,757,71,272,452,53.58,Credit Card,Delivered,2024-03-14,Pending,Japan
525,2024-01-10,353,854,884,400,754,62.9,Credit Card,In Transit,2024-04-16,Cancelled,France
129,2024-05-29,727,730,555,583,156,5.69,Cash,Cancelled,2024-02-29,Cancelled,Australia
632,2024-03-27,529,780,590,426,216,76.79,Debit Card,In Transit,2024-02-09,In Transit,Germany
401,2024-01-18,100,549,412,125,519,76.44,Cash,Completed,2024-05-25,Completed,Brazil
670,2024-02-02,34,207,239,247,98,98.05,Credit Card,Pending,2024-03-14,In Transit,USA
417,2024-01-14,909,849,562,218,539,32.55,Online Payment,Pending,2024-02-12,In Transit,China
504,2024-01-18,197,947,880,103,526,21.33,Debit Card,Delivered,2024-04-27,In Transit,UK
200,2024-04-16,591,533,655,636,442,98.42,Credit Card,In Transit,2024-03-17,Completed,Australia
886,2024-05-04,935,269,689,820,483,98.77,Credit Card,In Transit,2024-06-02,Delivered,Australia
30,2024-03-09,354,788,808,211,719,5.67,Debit Card,Delivered,2024-02-08,In Transit,China
452,2024-02-11,531,699,218,846,8,23.48,Debit Card,Delivered,2024-02-15,Cancelled,Japan
465,2024-04-01,94,619,283,856,665,47.51,Credit Card,In Transit,2024-03-17,In Transit,China
337,2024-05-23,738,960,681,919,732,48.73,Debit Card,Delivered,2024-05-10,Pending,China
91,2024-04-29,128,847,509,380,628,14.47,Online Payment,Delivered,2024-02-14,Completed,Australia
882,2024-01-27,420,944,901,246,878,2.92,Credit Card,In Transit,2024-04-04,Delivered,Australia
290,2024-01-28,530,865,649,380,757,23.85,Debit Card,Delivered,2024-01-23,Pending,Brazil
521,2024-03-03,328,700,743,78,369,31.39,Online Payment,Delivered,2024-02-08,Pending,Canada
303,2024-04-11,715,435,667,744,756,62.07,Online Payment,Cancelled,2024-03-17,Cancelled,Australia
37,2024-01-28,452,79,295,645,678,25.4,Debit Card,In Transit,2024-04-12,Completed,Canada
193,2024-06-10,617,502,359,160,600,24.34,Cash,In Transit,2024-04-21,Completed,France
440,2024-02-21,759,217,120,965,162,22.82,Debit Card,Cancelled,2024-03-26,Completed,China
939,2024-04-14,434,960,184,860,40,48.96,Debit Card,Delivered,2024-05-25,Delivered,Canada
482,2024-04-21,88,699,376,663,949,16.14,Online Payment,Delivered,2024-01-20,Pending,USA
507,2024-02-17,533,44,31,882,728,96.55,Online Payment,Completed,2024-01-17,Cancelled,UK
477,2024-06-08,267,755,600,264,720,92.15,Debit Card,Cancelled,2024-06-02,Pending,UK
386,2024-02-01,244,641,125,696,843,95.21,Online Payment,Pending,2024-05-21,In Transit,Australia
799,2024-04-10,164,978,509,666,956,39.84,Debit Card,In Transit,2024-01-03,Delivered,France
232,2024-01-28,724,616,692,786,893,23.63,Debit Card,Delivered,2024-05-03,In Transit,China
995,2024-01-30,869,782,831,841,607,29.05,Debit Card,Completed,2024-01-14,Completed,France
109,2024-02-24,98,277,638,480,592,42.26,Debit Card,Pending,2024-04-22,Delivered,Italy
430,2024-01-09,726,77,145,848,463,9.6,Debit Card,Completed,2024-03-08,In Transit,Japan
341,2024-02-19,653,418,400,928,23,48.57,Cash,Cancelled,2024-05-06,Delivered,Canada
248,2024-02-11,795,92,607,739,148,40.6,Debit Card,Cancelled,2024-04-11,In Transit,China
219,2024-03-28,328,998,896,11,784,41.03,Online Payment,Delivered,2024-03-22,Delivered,China
593,2024-04-10,561,133,728,340,733,93.3,Online Payment,Completed,2024-05-07,Pending,Canada
547,2024-03-16,947,206,306,98,456,44.18,Credit Card,Pending,2024-02-16,Delivered,Australia
821,2024-05-05,269,925,794,314,87,60.28,Debit Card,Cancelled,2024-01-29,Completed,France
461,2024-01-06,396,990,659,459,54,46.75,Online Payment,Pending,2024-04-09,Completed,Japan
637,2024-05-29,435,480,626,864,583,84.79,Online Payment,In Transit,2024-02-07,Pending,France
165,2024-01-02,274,110,860,395,725,42.12,Debit Card,In Transit,2024-02-08,Delivered,Brazil
497,2024-04-01,272,528,414,136,624,81.49,Online Payment,In Transit,2024-02-22,In Transit,Germany
974,2024-02-03,711,16,213,348,268,17.9,Credit Card,In Transit,2024-05-07,Delivered,France
32,2024-03-25,318,331,637,738,943,31.54,Debit Card,Delivered,2024-03-05,In Transit,China
421,2024-05-31,954,131,986,657,127,40.95,Cash,Completed,2024-03-10,Completed,Canada
780,2024-05-20,935,484,453,178,704,58.0,Credit Card,In Transit,2024-03-24,In Transit,China
870,2024-03-25,420,374,599,109,90,91.36,Debit Card,Delivered,2024-06-04,Cancelled,Germany
464,2024-01-26,99,16,973,823,538,63.28,Online Payment,Cancelled,2024-05-07,Pending,Japan
492,2024-02-16,403,653,739,99,432,9.38,Online Payment,In Transit,2024-05-11,Cancelled,Canada
862,2024-02-27,616,175,309,286,540,20.38,Cash,Completed,2024-04-18,Completed,USA
685,2024-05-11,346,1,993,148,2,15.26,Cash,In Transit,2024-03-06,In Transit,Australia
772,2024-03-06,464,868,204,249,384,93.63,Credit Card,In Transit,2024-03-30,Delivered,Japan
268,2024-04-15,176,961,461,410,16,16.91,Cash,Delivered,2024-01-01,Completed,Germany
110,2024-03-05,743,213,320,558,118,82.08,Online Payment,In Transit,2024-05-31,Pending,USA
309,2024-01-18,105,558,632,296,759,9.98,Credit Card,Completed,2024-02-17,Delivered,Canada
944,2024-01-22,701,169,456,170,170,76.22,Credit Card,Cancelled,2024-02-20,Cancelled,Japan
926,2024-06-10,711,172,451,722,852,93.54,Credit Card,Cancelled,2024-01-06,Cancelled,China
575,2024-03-14,17,984,126,103,318,13.57,Debit Card,In Transit,2024-05-02,In Transit,France
787,2024-03-15,214,263,741,394,236,75.87,Cash,In Transit,2024-05-05,In Transit,France
609,2024-04-07,574,858,377,192,436,1.37,Debit Card,Delivered,2024-04-24,Completed,Brazil
432,2024-04-26,240,291,356,526,322,77.48,Cash,Pending,2024-05-02,Cancelled,Germany
874,2024-05-28,756,479,902,763,736,41.49,Online Payment,Completed,2024-03-07,Cancelled,Italy
280,2024-05-30,168,191,901,228,922,75.73,Credit Card,In Transit,2024-03-03,Completed,Italy
659,2024-01-05,382,486,637,808,965,46.91,Debit Card,Delivered,2024-05-11,Completed,UK
254,2024-01-05,105,471,747,530,839,29.85,Debit Card,Cancelled,2024-02-08,Completed,UK
836,2024-03-16,975,717,617,340,565,21.77,Debit Card,Pending,2024-01-07,Pending,Japan
504,2024-03-21,914,479,812,977,899,72.23,Debit Card,In Transit,2024-03-12,Delivered,China
13,2024-02-08,581,209,70,503,135,14.37,Debit Card,Cancelled,2024-05-19,Cancelled,UK
532,2024-05-14,688,964,568,415,629,45.7,Debit Card,Pending,2024-02-10,Delivered,China
81,2024-03-24,24,558,489,735,762,56.15,Debit Card,Cancelled,2024-05-23,In Transit,France
937,2024-01-01,203,632,303,852,783,68.62,Credit Card,Cancelled,2024-03-28,Cancelled,China
721,2024-04-09,719,291,66,40,89,56.71,Credit Card,Completed,2024-03-14,In Transit,France
659,2024-03-21,391,801,661,713,780,38.04,Cash,Completed,2024-02-24,Pending,Brazil
497,2024-03-18,568,1,643,446,651,47.27,Debit Card,In Transit,2024-05-10,In Transit,China
497,2024-01-30,409,691,845,442,940,64.69,Online Payment,Completed,2024-05-18,Delivered,UK
942,2024-05-28,855,994,601,740,616,49.47,Online Payment,Completed,2024-04-01,Completed,Italy
561,2024-03-12,312,429,838,936,600,27.84,Online Payment,Cancelled,2024-03-08,Pending,Brazil
39,2024-03-23,450,982,452,318,68,37.15,Debit Card,Delivered,2024-03-05,Cancelled,France
237,2024-03-14,25,640,347,160,188,81.44,Credit Card,Completed,2024-01-14,Cancelled,Germany
795,2024-01-20,182,966,619,33,235,29.32,Cash,Cancelled,2024-01-02,In Transit,Brazil
670,2024-04-11,934,941,696,448,692,70.69,Credit Card,Pending,2024-02-04,In Transit,USA
297,2024-03-18,451,319,981,545,39,26.11,Cash,In Transit,2024-04-02,Completed,Japan
162,2024-01-21,677,120,485,835,751,46.33,Online Payment,Cancelled,2024-05-22,In Transit,Canada
818,2024-02-29,310,401,34,601,840,43.77,Cash,Cancelled,2024-03-05,In Transit,Australia
779,2024-03-30,70,62,784,667,729,48.12,Online Payment,Completed,2024-02-12,Delivered,China
953,2024-03-29,649,317,562,950,211,61.86,Debit Card,In Transit,2024-01-14,Completed,Canada
435,2024-01-08,44,814,948,94,378,1.15,Online Payment,Delivered,2024-02-27,Completed,Canada
317,2024-01-12,2,34,640,45,160,97.31,Credit Card,Cancelled,2024-02-02,Completed,USA
482,2024-05-06,84,600,143,21,971,91.86,Debit Card,Delivered,2024-01-27,Completed,China
815,2024-01-20,79,727,67,623,796,18.97,Online Payment,Completed,2024-02-09,In Transit,Canada
841,2024-01-20,957,499,444,83,118,77.59,Online Payment,Cancelled,2024-05-19,Cancelled,Japan
881,2024-03-27,514,745,910,173,553,16.69,Online Payment,Delivered,2024-01-27,Completed,USA
876,2024-03-13,748,871,433,524,134,13.22,Cash,Pending,2024-05-01,Pending,USA
519,2024-01-07,748,901,567,255,97,61.95,Debit Card,Cancelled,2024-03-13,Pending,USA
542,2024-03-03,576,716,586,560,402,50.25,Cash,In Transit,2024-02-17,Completed,USA
580,2024-05-14,94,157,620,415,871,59.69,Debit Card,Delivered,2024-05-22,Pending,Canada
291,2024-03-09,518,383,22,9,2,23.44,Debit Card,In Transit,2024-02-20,Pending,Canada
759,2024-05-12,710,215,669,925,141,30.5,Cash,Completed,2024-01-23,Delivered,Canada
849,2024-04-05,753,496,683,129,283,42.72,Credit Card,Delivered,2024-06-07,Pending,Japan
143,2024-01-08,177,940,673,360,833,53.0,Online Payment,Pending,2024-02-08,Delivered,UK
648,2024-01-19,514,813,507,149,648,41.17,Online Payment,Completed,2024-03-03,Pending,Germany
195,2024-05-03,119,633,687,707,249,57.77,Credit Card,Completed,2024-06-04,Completed,Canada
409,2024-05-29,106,981,282,794,951,63.54,Online Payment,Delivered,2024-04-18,Cancelled,Japan
366,2024-01-07,654,340,238,404,35,68.99,Cash,Delivered,2024-04-14,Cancelled,Germany
277,2024-05-31,819,164,942,269,48,43.85,Debit Card,In Transit,2024-05-20,Pending,Canada
82,2024-03-06,665,427,8,793,695,43.69,Credit Card,Completed,2024-02-14,In Transit,Germany
672,2024-06-08,882,798,726,184,260,60.5,Online Payment,Pending,2024-06-08,Delivered,USA
537,2024-05-03,117,176,510,205,893,92.88,Cash,Completed,2024-04-28,In Transit,USA
608,2024-01-15,418,293,834,711,695,6.98,Cash,Cancelled,2024-02-20,Cancelled,Brazil
6,2024-01-06,819,622,163,338,177,66.27,Cash,Pending,2024-02-15,Completed,Australia
598,2024-04-16,839,203,937,990,33,88.98,Debit Card,In Transit,2024-05-26,Delivered,China
879,2024-02-06,465,897,560,675,461,97.18,Online Payment,Cancelled,2024-04-30,Delivered,USA
985,2024-03-06,987,842,355,374,120,2.73,Online Payment,Cancelled,2024-03-22,Cancelled,China
373,2024-02-06,492,891,923,234,740,63.08,Online Payment,Delivered,2024-05-28,In Transit,Japan
615,2024-01-03,683,890,954,193,630,80.99,Cash,In Transit,2024-03-21,Pending,Canada
776,2024-03-17,166,158,696,440,391,72.86,Online Payment,Pending,2024-06-09,Cancelled,UK
984,2024-05-23,738,659,767,220,259,10.34,Debit Card,In Transit,2024-05-16,Pending,Italy
956,2024-01-31,931,583,3,309,933,30.24,Online Payment,Cancelled,2024-01-20,Cancelled,Japan
158,2024-02-18,181,408,263,535,925,69.0,Cash,Delivered,2024-03-03,In Transit,France
552,2024-05-21,435,503,476,123,257,99.16,Debit Card,Cancelled,2024-03-02,Delivered,Germany
264,2024-02-19,740,292,385,623,527,3.81,Credit Card,Pending,2024-04-07,In Transit,Germany
960,2024-05-05,527,971,515,208,433,44.6,Cash,Completed,2024-05-21,Pending,USA
672,2024-05-27,417,740,38,989,23,67.91,Debit Card,Cancelled,2024-04-17,In Transit,Brazil
88,2024-06-04,285,730,831,27,31,80.74,Credit Card,Completed,2024-05-11,Completed,Italy
830,2024-03-16,972,547,359,563,484,85.83,Debit Card,Cancelled,2024-03-27,Pending,Japan
570,2024-05-24,751,721,922,487,593,30.31,Online Payment,Cancelled,2024-06-05,Cancelled,Germany
602,2024-05-26,26,622,365,216,316,70.52,Online Payment,Completed,2024-01-13,Completed,USA
225,2024-01-19,170,808,621,465,644,21.08,Credit Card,In Transit,2024-04-06,In Transit,Brazil
324,2024-03-26,881,712,159,501,802,41.34,Cash,Pending,2024-04-05,Delivered,Canada
350,2024-05-17,538,741,820,230,794,7.35,Cash,Pending,2024-03-11,Pending,Australia
945,2024-04-09,271,404,833,548,666,97.51,Debit Card,In Transit,2024-01-19,In Transit,UK
315,2024-01-26,517,144,149,66,957,55.69,Online Payment,In Transit,2024-02-07,Pending,France
46,2024-01-06,502,483,80,588,537,8.28,Credit Card,Delivered,2024-01-28,In Transit,France
644,2024-03-31,577,139,577,265,83,49.55,Debit Card,In Transit,2024-03-10,Completed,Japan
943,2024-01-26,903,480,935,380,44,54.04,Cash,Cancelled,2024-01-21,In Transit,Canada
903,2024-01-20,640,694,113,314,674,50.51,Credit Card,Cancelled,2024-04-22,Pending,China
375,2024-02-05,790,8,673,773,487,66.34,Cash,Delivered,2024-03-19,Delivered,Italy
649,2024-02-11,94,428,876,274,967,79.67,Cash,Cancelled,2024-03-24,Completed,Australia
686,2024-04-05,909,386,149,440,830,33.69,Debit Card,Completed,2024-05-27,In Transit,Brazil
435,2024-05-01,790,197,275,74,829,22.42,Online Payment,In Transit,2024-03-31,Delivered,Japan
330,2024-03-11,299,820,830,461,352,40.31,Debit Card,In Transit,2024-02-01,Delivered,USA
473,2024-01-25,722,349,823,225,510,25.28,Credit Card,In Transit,2024-01-19,Completed,USA
550,2024-04-23,620,456,747,326,179,14.33,Online Payment,Cancelled,2024-05-08,Completed,Japan
324,2024-02-01,279,958,365,679,731,19.1,Cash,Cancelled,2024-01-22,Completed,China
388,2024-03-03,778,336,318,342,877,0.24,Credit Card,Completed,2024-02-06,Completed,Italy
675,2024-05-06,310,655,192,174,869,91.38,Credit Card,Pending,2024-01-31,Completed,Japan
487,2024-02-16,82,731,537,917,266,17.32,Online Payment,Delivered,2024-01-10,Completed,China
388,2024-05-24,92,401,475,497,680,23.07,Debit Card,Completed,2024-05-17,Delivered,Italy
145,2024-01-12,944,116,155,648,123,66.2,Debit Card,Completed,2024-04-27,Pending,Japan
914,2024-01-19,289,84,591,595,103,35.53,Credit Card,Completed,2024-05-25,In Transit,Japan
922,2024-02-28,866,846,413,924,177,87.0,Debit Card,In Transit,2024-03-28,Cancelled,Japan
720,2024-02-21,783,346,642,179,663,66.13,Online Payment,In Transit,2024-02-20,Completed,Australia
915,2024-02-04,939,166,845,742,88,34.63,Debit Card,In Transit,2024-05-03,Pending,Canada
533,2024-06-07,924,785,367,692,754,74.68,Debit Card,Completed,2024-05-07,In Transit,Australia
855,2024-01-18,340,529,435,817,808,49.52,Cash,Cancelled,2024-03-30,Cancelled,Canada
829,2024-01-11,144,358,180,512,232,37.87,Online Payment,Completed,2024-01-13,Completed,UK
129,2024-05-28,451,445,102,370,770,36.81,Credit Card,Completed,2024-01-24,Cancelled,USA
331,2024-01-27,205,243,632,561,323,81.35,Debit Card,In Transit,2024-03-07,Pending,Germany
604,2024-05-03,878,493,924,517,679,44.22,Cash,Completed,2024-05-30,Cancelled,USA
304,2024-01-04,638,701,637,939,185,44.49,Cash,In Transit,2024-02-08,Completed,Germany
513,2024-04-16,727,854,113,320,451,28.5,Cash,Pending,2024-01-22,Cancelled,Australia
50,2024-03-29,543,542,575,628,577,89.54,Cash,Delivered,2024-05-23,Delivered,UK
675,2024-03-13,892,430,326,623,816,55.35,Credit Card,Completed,2024-02-14,Cancelled,Australia
339,2024-04-05,149,533,740,756,865,4.26,Online Payment,Delivered,2024-05-23,In Transit,Australia
494,2024-06-05,144,2,87,576,871,3.06,Online Payment,In Transit,2024-01-27,Completed,Canada
784,2024-01-22,57,329,930,320,684,31.75,Debit Card,Delivered,2024-05-28,In Transit,China
65,2024-05-11,50,777,236,750,182,58.95,Debit Card,Completed,2024-03-15,Pending,USA
666,2024-04-12,635,695,377,918,429,34.37,Credit Card,Delivered,2024-03-17,In Transit,Germany
737,2024-01-08,611,755,229,583,8,73.06,Credit Card,In Transit,2024-05-23,Cancelled,Italy
12,2024-03-21,158,795,206,65,593,21.18,Cash,Cancelled,2024-06-01,Delivered,Japan
325,2024-05-25,288,905,302,796,908,74.12,Cash,In Transit,2024-03-07,Delivered,UK
537,2024-03-21,503,338,829,273,529,49.86,Cash,Pending,2024-03-27,In Transit,France
811,2024-04-13,341,411,687,344,953,66.12,Online Payment,Cancelled,2024-05-26,Cancelled,UK
288,2024-05-15,15,220,861,932,731,76.5,Credit Card,Pending,2024-05-26,In Transit,Germany
306,2024-03-19,439,758,758,848,877,21.26,Online Payment,Completed,2024-02-04,Cancelled,Japan
489,2024-02-06,974,175,640,964,948,31.61,Debit Card,In Transit,2024-01-16,Completed,UK
891,2024-02-22,515,862,519,168,602,30.3,Credit Card,Completed,2024-05-08,In Transit,China
497,2024-01-24,493,960,255,445,992,30.09,Credit Card,Cancelled,2024-01-23,Pending,China
864,2024-01-11,529,40,720,755,93,15.47,Cash,Delivered,2024-04-24,Delivered,Japan
141,2024-01-29,577,215,662,368,375,16.36,Credit Card,Pending,2024-01-19,Delivered,China
386,2024-04-04,129,344,588,913,535,33.28,Debit Card,Completed,2024-04-27,Delivered,UK
230,2024-05-28,612,584,455,618,294,15.63,Debit Card,Delivered,2024-01-28,Cancelled,Italy
429,2024-01-19,768,926,194,964,735,21.34,Online Payment,Pending,2024-02-04,Completed,Australia
947,2024-05-13,273,283,812,693,333,27.71,Debit Card,In Transit,2024-03-27,Delivered,China
728,2024-03-06,560,103,773,93,406,1.88,Cash,Delivered,2024-01-13,In Transit,USA
194,2024-03-07,446,906,255,822,339,70.03,Online Payment,Delivered,2024-04-24,Pending,China
127,2024-03-04,68,494,623,506,305,40.14,Online Payment,Cancelled,2024-03-15,Pending,Canada
893,2024-05-18,61,354,340,174,92,91.8,Cash,Pending,2024-02-23,In Transit,Italy
967,2024-03-29,7,811,832,636,641,26.16,Cash,Delivered,2024-01-28,Pending,Italy
753,2024-04-18,581,346,697,762,466,11.07,Cash,In Transit,2024-06-02,Pending,China
399,2024-06-08,999,279,480,291,30,66.26,Debit Card,Pending,2024-01-05,Cancelled,UK
829,2024-03-29,831,114,135,827,839,49.24,Debit Card,In Transit,2024-03-04,In Transit,Germany
305,2024-04-27,160,501,820,456,8,99.78,Online Payment,Delivered,2024-03-04,Pending,USA
930,2024-01-31,425,827,28,306,872,29.22,Cash,In Transit,2024-04-22,Pending,Germany
827,2024-06-06,161,81,432,886,776,83.87,Online Payment,Pending,2024-03-28,Cancelled,Japan
891,2024-06-07,946,548,658,798,142,68.83,Cash,In Transit,2024-06-08,Pending,China
983,2024-03-06,136,709,956,576,369,96.8,Online Payment,Cancelled,2024-02-02,Completed,France
833,2024-01-17,96,249,116,208,490,31.37,Debit Card,Pending,2024-01-06,In Transit,USA
813,2024-03-14,338,271,364,605,259,72.56,Online Payment,Completed,2024-04-10,Cancelled,UK
768,2024-01-08,320,895,457,444,934,36.5,Cash,Delivered,2024-05-26,Delivered,China
755,2024-05-24,486,16,535,840,611,64.8,Online Payment,Completed,2024-05-18,Completed,France
820,2024-06-06,346,220,978,995,577,57.16,Cash,Pending,2024-02-27,Cancelled,Italy
821,2024-02-01,182,744,734,288,205,19.46,Online Payment,Cancelled,2024-03-09,In Transit,Japan
754,2024-03-14,159,310,832,262,728,27.47,Online Payment,Cancelled,2024-03-19,Pending,Germany
29,2024-05-09,976,929,844,80,844,30.44,Credit Card,Completed,2024-03-16,In Transit,France
422,2024-01-16,79,693,584,256,549,11.04,Cash,In Transit,2024-02-11,Completed,Italy
332,2024-05-24,464,572,734,623,814,16.07,Debit Card,Completed,2024-05-30,Completed,Germany
174,2024-06-06,918,164,785,621,603,99.66,Cash,Completed,2024-01-10,In Transit,Japan
896,2024-03-26,795,267,219,550,63,80.87,Debit Card,In Transit,2024-01-15,In Transit,UK
18,2024-05-05,50,609,193,176,505,32.64,Debit Card,Cancelled,2024-04-11,Cancelled,USA
298,2024-04-21,759,582,90,154,382,89.35,Debit Card,In Transit,2024-06-05,Pending,USA
810,2024-01-01,905,636,343,672,318,89.54,Debit Card,Pending,2024-06-02,Cancelled,Australia
232,2024-04-22,312,13,588,423,363,11.61,Cash,Pending,2024-03-04,In Transit,Brazil
987,2024-02-24,847,785,355,841,103,49.21,Debit Card,Completed,2024-04-19,Pending,Japan
153,2024-03-09,40,741,15,858,658,97.8,Debit Card,Pending,2024-06-07,In Transit,France
411,2024-01-02,443,240,841,441,584,76.18,Cash,In Transit,2024-02-27,Delivered,USA
833,2024-01-01,180,707,587,466,551,11.06,Cash,Completed,2024-05-05,In Transit,Brazil
796,2024-01-03,685,45,817,94,131,64.45,Debit Card,Completed,2024-03-15,Pending,Canada
613,2024-02-04,752,226,667,562,111,4.88,Credit Card,Delivered,2024-01-08,Pending,USA
404,2024-03-19,836,290,176,863,390,4.3,Online Payment,In Transit,2024-05-10,Completed,UK
327,2024-05-02,431,532,206,946,527,58.37,Cash,Pending,2024-04-25,Pending,Australia
252,2024-05-11,34,426,505,526,998,7.81,Cash,Delivered,2024-06-09,Pending,Brazil
205,2024-03-06,469,746,189,582,202,34.79,Debit Card,Completed,2024-01-07,Cancelled,Australia
205,2024-01-24,301,776,332,338,751,49.93,Cash,Cancelled,2024-06-03,In Transit,Italy
148,2024-02-05,591,738,426,283,57,62.68,Cash,Pending,2024-06-03,Cancelled,UK
827,2024-01-22,775,583,999,812,879,81.54,Online Payment,Completed,2024-02-01,Pending,Japan
812,2024-03-14,805,228,420,781,397,21.09,Credit Card,In Transit,2024-04-18,Completed,UK
647,2024-03-26,905,638,706,834,372,7.53,Debit Card,Delivered,2024-05-04,Pending,Japan
632,2024-04-11,234,222,526,410,498,36.74,Cash,In Transit,2024-04-21,Pending,USA
747,2024-01-16,554,114,157,901,170,49.69,Credit Card,Cancelled,2024-01-06,Delivered,China
327,2024-01-23,135,635,987,653,541,29.44,Online Payment,In Transit,2024-04-16,Completed,China
427,2024-02-19,14,784,808,376,142,7.28,Online Payment,Delivered,2024-04-10,In Transit,USA
222,2024-05-18,456,684,628,277,799,68.28,Debit Card,Completed,2024-05-30,Cancelled,Italy
62,2024-05-25,256,604,273,198,346,17.2,Online Payment,In Transit,2024-05-14,In Transit,Japan
860,2024-02-22,504,381,852,301,60,43.39,Debit Card,Delivered,2024-05-15,Pending,Japan
111,2024-03-10,292,200,939,349,239,39.51,Credit Card,Completed,2024-06-10,In Transit,Japan
205,2024-02-06,702,388,125,548,258,27.67,Credit Card,In Transit,2024-03-08,Delivered,USA
926,2024-03-16,28,899,547,686,45,87.59,Credit Card,Pending,2024-03-25,Pending,Canada
702,2024-01-22,261,824,727,206,524,49.25,Credit Card,In Transit,2024-05-23,Delivered,Japan
88,2024-01-21,513,999,433,691,567,57.82,Credit Card,In Transit,2024-02-04,Pending,UK
151,2024-06-03,125,295,750,868,818,48.28,Debit Card,Pending,2024-02-03,Delivered,Germany
498,2024-02-27,254,963,939,870,945,88.3,Debit Card,Completed,2024-04-22,In Transit,USA
707,2024-02-16,80,490,820,198,367,69.87,Debit Card,In Transit,2024-02-22,In Transit,UK
954,2024-03-04,951,911,106,811,144,75.95,Online Payment,In Transit,2024-06-07,Delivered,Brazil
643,2024-03-09,519,133,65,957,785,75.51,Online Payment,In Transit,2024-03-18,Completed,China
787,2024-04-03,327,842,625,320,496,23.09,Cash,Pending,2024-02-25,Completed,Canada
47,2024-03-20,707,820,68,475,608,29.08,Online Payment,Pending,2024-01-14,In Transit,Canada
782,2024-01-22,890,404,237,299,641,17.57,Credit Card,Pending,2024-03-23,Pending,Australia
965,2024-05-01,970,598,986,303,555,5.1,Online Payment,Completed,2024-04-19,In Transit,Brazil
51,2024-03-19,760,423,537,377,233,40.2,Cash,Delivered,2024-02-01,Cancelled,Brazil
670,2024-05-06,111,973,120,549,620,23.82,Credit Card,In Transit,2024-02-27,Completed,Australia
367,2024-04-04,524,253,443,797,153,98.0,Cash,In Transit,2024-04-26,In Transit,Germany
902,2024-02-06,996,350,186,780,675,3.56,Debit Card,Pending,2024-03-06,Delivered,Canada
154,2024-01-20,526,323,621,913,254,16.74,Credit Card,Delivered,2024-05-22,Cancelled,USA
763,2024-04-19,994,946,107,754,700,78.23,Cash,Pending,2024-04-11,Completed,UK
630,2024-05-15,945,956,506,294,344,14.84,Cash,Cancelled,2024-02-10,Completed,China
43,2024-05-03,948,414,266,525,728,55.71,Debit Card,Pending,2024-02-12,Cancelled,UK
603,2024-03-07,267,741,802,763,718,10.87,Online Payment,Delivered,2024-06-04,Delivered,France
849,2024-03-28,819,131,40,688,100,71.96,Debit Card,Delivered,2024-05-17,Completed,Brazil
288,2024-05-28,343,261,455,19,352,52.64,Debit Card,In Transit,2024-05-03,Pending,Italy
249,2024-06-07,362,749,371,368,932,61.47,Online Payment,Cancelled,2024-02-09,Pending,Italy
18,2024-03-17,989,644,595,552,316,65.61,Debit Card,In Transit,2024-06-03,Delivered,Brazil
618,2024-01-05,559,876,906,122,322,3.96,Debit Card,Completed,2024-03-25,Pending,USA
147,2024-01-19,856,129,52,673,936,91.14,Online Payment,In Transit,2024-02-26,Delivered,USA
987,2024-02-08,772,671,371,249,579,13.57,Credit Card,Cancelled,2024-05-28,Delivered,Italy
229,2024-05-09,444,326,660,649,713,46.96,Credit Card,Cancelled,2024-01-05,Completed,Germany
67,2024-03-30,282,648,965,391,219,26.28,Online Payment,Pending,2024-05-20,In Transit,France
935,2024-03-28,12,162,887,3,171,93.69,Credit Card,In Transit,2024-05-11,Completed,Australia
933,2024-01-10,95,379,787,56,684,36.77,Cash,In Transit,2024-02-13,Cancelled,UK
509,2024-02-19,320,580,810,384,755,87.88,Online Payment,Pending,2024-03-01,Pending,Germany
671,2024-05-29,716,510,949,632,518,8.18,Debit Card,Delivered,2024-02-17,Pending,France
134,2024-05-23,219,987,238,101,144,17.29,Debit Card,Pending,2024-01-09,In Transit,USA
615,2024-04-18,94,605,858,744,823,71.05,Debit Card,In Transit,2024-03-28,In Transit,USA
667,2024-03-28,405,15,754,632,781,85.86,Credit Card,Completed,2024-05-01,Cancelled,Germany
904,2024-03-02,721,535,216,130,626,49.06,Cash,In Transit,2024-04-17,Delivered,Italy
301,2024-05-10,412,610,535,776,52,75.04,Cash,In Transit,2024-04-20,Delivered,France
581,2024-02-18,948,403,271,571,679,50.38,Credit Card,Pending,2024-05-23,Delivered,France
124,2024-06-08,322,588,722,998,262,84.16,Cash,Cancelled,2024-02-21,Cancelled,Japan
464,2024-03-27,106,939,602,836,319,52.86,Online Payment,Completed,2024-05-13,Cancelled,Canada
79,2024-05-19,447,887,350,761,7,17.76,Debit Card,Completed,2024-05-18,In Transit,USA
337,2024-06-10,603,108,571,202,585,0.82,Debit Card,In Transit,2024-01-04,Pending,Australia
19,2024-03-01,767,474,113,530,682,3.27,Cash,Completed,2024-04-07,Cancelled,Japan
759,2024-02-15,281,878,932,528,309,43.27,Debit Card,Cancelled,2024-02-08,In Transit,UK
968,2024-05-24,412,618,458,930,489,50.26,Online Payment,Pending,2024-03-05,Cancelled,Germany
16,2024-05-27,880,591,795,618,964,98.46,Online Payment,Cancelled,2024-05-30,Pending,Brazil
302,2024-01-21,350,711,94,158,395,74.77,Cash,Completed,2024-02-20,Cancelled,USA
834,2024-03-08,286,640,939,702,971,36.29,Online Payment,Completed,2024-05-17,Delivered,Australia
188,2024-04-17,992,466,478,266,488,15.39,Credit Card,Cancelled,2024-01-17,In Transit,Italy
952,2024-05-13,177,567,54,795,258,59.01,Online Payment,Delivered,2024-03-05,In Transit,Italy
369,2024-01-12,394,687,350,179,995,46.65,Debit Card,Pending,2024-04-02,Completed,Brazil
46,2024-04-14,517,311,327,947,277,52.4,Credit Card,Delivered,2024-01-15,Cancelled,Canada
838,2024-03-08,850,21,828,460,852,28.47,Online Payment,Delivered,2024-03-10,Cancelled,UK
921,2024-04-29,302,712,271,503,2,72.99,Online Payment,Pending,2024-01-31,In Transit,Australia
250,2024-03-08,990,239,117,896,657,7.8,Cash,Pending,2024-03-14,Completed,Canada
456,2024-06-02,388,663,886,614,856,6.01,Cash,Cancelled,2024-03-03,Completed,France
27,2024-05-11,13,471,991,257,218,28.84,Online Payment,Cancelled,2024-03-31,Cancelled,Italy
106,2024-05-15,787,756,410,576,58,43.3,Debit Card,Cancelled,2024-01-21,Delivered,USA
141,2024-01-12,11,264,434,538,677,95.19,Credit Card,Pending,2024-02-25,Cancelled,Australia
822,2024-01-14,342,494,599,347,272,54.78,Online Payment,Pending,2024-02-14,Cancelled,Japan
49,2024-05-23,533,244,453,536,725,2.92,Online Payment,Delivered,2024-05-11,Cancelled,Italy
838,2024-03-15,327,44,537,995,900,33.25,Credit Card,Completed,2024-05-18,In Transit,Australia
757,2024-01-23,575,250,31,840,751,88.28,Debit Card,Completed,2024-03-01,Completed,UK
154,2024-06-04,733,247,586,505,554,80.91,Online Payment,Delivered,2024-03-25,Pending,Japan
185,2024-03-27,269,177,40,370,977,48.41,Credit Card,Delivered,2024-05-22,Completed,Brazil
350,2024-05-01,281,235,401,6,61,16.42,Debit Card,Cancelled,2024-01-27,Cancelled,UK
998,2024-04-26,339,917,578,169,20,6.81,Credit Card,In Transit,2024-06-03,Cancelled,France
547,2024-02-01,969,594,159,81,143,24.75,Debit Card,Completed,2024-04-16,Completed,China
192,2024-03-20,399,20,379,296,353,92.32,Cash,Delivered,2024-05-28,Pending,Canada
17,2024-02-16,603,942,11,377,794,60.18,Cash,In Transit,2024-03-07,Delivered,Brazil
89,2024-04-21,693,702,380,375,67,67.08,Debit Card,Delivered,2024-02-06,Delivered,France
370,2024-04-21,259,820,154,218,857,85.91,Credit Card,Completed,2024-02-06,Completed,China
615,2024-01-27,962,843,518,803,947,18.27,Debit Card,Cancelled,2024-03-02,In Transit,Germany
596,2024-04-23,574,641,636,99,632,27.11,Cash,Completed,2024-03-10,Completed,UK
262,2024-03-31,269,458,190,405,429,59.04,Cash,Completed,2024-01-19,Pending,Germany
325,2024-01-30,266,877,811,184,345,73.33,Debit Card,Delivered,2024-05-29,Pending,USA
83,2024-03-13,816,383,275,891,679,57.64,Online Payment,Cancelled,2024-06-08,Pending,Australia
153,2024-03-21,991,212,205,162,597,75.32,Credit Card,In Transit,2024-04-25,Delivered,France
438,2024-05-07,815,601,721,251,784,0.25,Credit Card,Completed,2024-03-11,Cancelled,Germany
140,2024-01-06,452,419,993,941,582,15.51,Online Payment,Pending,2024-01-11,Cancelled,Japan
398,2024-02-26,640,707,205,442,4,37.56,Debit Card,Delivered,2024-03-19,In Transit,UK
630,2024-04-04,862,967,506,615,436,66.07,Cash,Pending,2024-03-19,Delivered,France
63,2024-03-01,181,172,884,851,329,19.96,Online Payment,In Transit,2024-04-07,Pending,Brazil
638,2024-03-28,163,590,889,400,234,20.6,Cash,In Transit,2024-02-19,Cancelled,Australia
19,2024-03-29,808,790,322,492,886,57.03,Online Payment,Cancelled,2024-04-08,Cancelled,Brazil
774,2024-02-12,320,582,854,30,503,22.51,Debit Card,Pending,2024-02-22,Pending,Australia
212,2024-03-13,16,884,294,639,442,37.12,Cash,Completed,2024-01-02,Cancelled,Australia
226,2024-06-03,624,397,137,881,260,94.57,Cash,Pending,2024-06-04,Completed,Germany
568,2024-02-08,790,129,923,400,579,78.7,Online Payment,In Transit,2024-03-11,Pending,Canada
915,2024-06-08,690,481,628,736,819,22.12,Online Payment,In Transit,2024-01-06,Cancelled,UK
763,2024-04-26,406,674,848,434,354,50.73,Debit Card,Completed,2024-06-03,Delivered,Japan
146,2024-02-26,981,511,267,407,727,98.06,Online Payment,Delivered,2024-02-16,Cancelled,France
815,2024-03-30,828,954,970,207,710,29.95,Debit Card,In Transit,2024-04-06,Pending,Germany
781,2024-03-29,39,755,930,852,760,67.18,Online Payment,Pending,2024-02-09,Completed,UK
540,2024-02-26,707,885,436,107,317,44.28,Online Payment,In Transit,2024-02-01,Cancelled,Canada
155,2024-05-26,215,315,134,168,356,34.26,Credit Card,Delivered,2024-04-22,Completed,UK
608,2024-06-04,164,62,108,130,958,41.35,Online Payment,Cancelled,2024-04-21,Completed,Canada
294,2024-02-25,191,63,286,587,968,60.8,Cash,Delivered,2024-01-21,Delivered,UK
424,2024-02-20,343,731,611,575,538,42.7,Cash,Completed,2024-01-21,Completed,Germany
984,2024-04-17,961,571,829,58,31,55.94,Cash,Delivered,2024-05-21,Delivered,Japan
435,2024-04-27,496,814,326,912,686,96.23,Debit Card,Cancelled,2024-06-04,Delivered,Japan
235,2024-01-24,436,432,973,684,86,97.09,Credit Card,Delivered,2024-02-18,Cancelled,Australia
892,2024-05-29,559,353,910,742,826,24.61,Debit Card,Delivered,2024-01-08,Delivered,Japan
10,2024-01-25,396,844,374,831,29,61.04,Cash,Delivered,2024-06-06,In Transit,China
343,2024-04-10,607,1000,942,854,864,97.05,Cash,Delivered,2024-03-18,In Transit,USA
553,2024-05-18,114,108,633,568,198,34.6,Cash,Completed,2024-03-03,Delivered,Australia
658,2024-04-17,413,148,43,899,922,13.6,Online Payment,Cancelled,2024-01-07,Completed,Canada
653,2024-03-09,213,902,422,584,712,18.98,Cash,Pending,2024-03-20,Delivered,France
213,2024-03-06,93,106,957,744,774,22.51,Cash,Pending,2024-02-23,Pending,Australia
242,2024-05-07,753,998,176,221,935,63.02,Credit Card,Completed,2024-03-25,Pending,Italy
204,2024-02-09,12,984,535,288,429,35.25,Credit Card,Pending,2024-04-08,Pending,France
105,2024-06-06,772,631,372,872,903,54.55,Online Payment,Delivered,2024-02-18,Pending,Brazil
522,2024-02-15,511,594,218,580,53,92.76,Online Payment,Delivered,2024-05-08,Cancelled,UK
111,2024-02-21,443,657,104,801,39,16.37,Credit Card,Pending,2024-03-04,Delivered,USA
339,2024-01-23,637,290,991,101,247,49.64,Credit Card,Completed,2024-06-02,Delivered,Brazil
585,2024-01-13,100,401,492,153,929,53.19,Cash,Cancelled,2024-02-13,Delivered,France
134,2024-02-16,142,41,732,584,56,76.62,Cash,Cancelled,2024-04-02,Delivered,Germany
561,2024-04-17,241,435,890,254,223,15.94,Credit Card,Cancelled,2024-03-05,Pending,Australia
179,2024-05-19,303,105,460,462,207,77.98,Cash,In Transit,2024-02-20,Pending,Japan
805,2024-04-03,196,825,464,686,164,98.74,Credit Card,Delivered,2024-02-11,Completed,France
853,2024-04-20,414,360,441,269,400,27.38,Credit Card,Cancelled,2024-01-26,Completed,Brazil
743,2024-04-25,555,502,113,818,241,99.7,Cash,Completed,2024-03-08,Completed,France
699,2024-04-19,284,8,313,457,891,34.68,Credit Card,Pending,2024-03-17,In Transit,USA
231,2024-02-26,594,323,26,369,835,5.72,Online Payment,Completed,2024-03-23,In Transit,USA
950,2024-05-21,770,26,586,814,641,89.84,Credit Card,In Transit,2024-06-02,Pending,Germany
23,2024-05-25,50,55,417,979,639,49.27,Credit Card,Completed,2024-03-28,In Transit,Germany
340,2024-05-05,27,923,570,392,109,68.93,Debit Card,Completed,2024-02-23,Delivered,Japan
815,2024-05-23,45,820,348,46,64,57.18,Credit Card,Completed,2024-05-06,Delivered,Australia
824,2024-05-10,784,680,122,636,707,2.28,Debit Card,In Transit,2024-05-02,Completed,USA
539,2024-05-02,101,855,587,773,554,5.63,Cash,Delivered,2024-02-11,In Transit,USA
607,2024-04-22,422,848,287,104,111,29.6,Credit Card,In Transit,2024-01-24,Completed,UK
884,2024-01-31,568,245,237,495,941,99.08,Debit Card,Completed,2024-02-20,Delivered,China
410,2024-02-09,53,535,543,500,872,12.31,Cash,In Transit,2024-02-14,In Transit,UK
134,2024-03-17,708,957,676,470,68,40.34,Online Payment,Cancelled,2024-02-14,Pending,Italy
895,2024-05-28,122,160,445,894,689,80.42,Credit Card,Pending,2024-03-22,In Transit,Japan
263,2024-04-28,832,197,563,38,566,63.97,Cash,Cancelled,2024-01-31,Cancelled,UK
718,2024-04-05,760,587,829,143,50,50.25,Cash,Completed,2024-03-16,Completed,France
597,2024-04-03,683,468,611,761,823,68.95,Debit Card,Cancelled,2024-03-05,Pending,USA
792,2024-05-04,891,546,237,863,66,48.96,Debit Card,Completed,2024-04-13,Delivered,Australia
514,2024-02-16,349,947,846,987,741,49.76,Debit Card,Cancelled,2024-02-16,Cancelled,USA
884,2024-04-09,445,279,300,807,390,52.8,Credit Card,Pending,2024-05-24,Cancelled,China
328,2024-06-10,213,864,98,311,307,31.96,Debit Card,Completed,2024-01-20,In Transit,Australia
249,2024-03-20,966,547,168,324,218,68.54,Debit Card,Cancelled,2024-06-03,Cancelled,Canada
476,2024-02-17,282,536,961,374,402,10.84,Credit Card,In Transit,2024-04-23,Pending,China
975,2024-04-02,451,696,100,171,655,19.74,Online Payment,Completed,2024-06-05,Cancelled,Japan
537,2024-06-06,274,272,9,400,403,32.58,Cash,Completed,2024-01-05,Cancelled,Canada
619,2024-02-01,806,62,426,436,342,69.95,Online Payment,Completed,2024-06-05,Delivered,UK
739,2024-03-14,42,274,947,485,678,93.8,Cash,Pending,2024-04-24,Cancelled,France
15,2024-01-17,37,155,985,632,573,38.76,Cash,Completed,2024-02-01,Cancelled,Japan
922,2024-05-20,341,436,144,518,299,79.7,Credit Card,Cancelled,2024-02-17,Pending,USA
654,2024-01-15,276,151,636,199,253,22.03,Cash,Cancelled,2024-01-03,In Transit,Germany
917,2024-05-19,29,453,283,309,746,86.19,Debit Card,Delivered,2024-01-04,Pending,Italy
391,2024-03-31,827,631,994,790,668,27.51,Credit Card,Delivered,2024-01-08,Cancelled,France
172,2024-05-06,881,10,535,410,363,15.01,Cash,Completed,2024-03-01,Completed,Italy
27,2024-05-11,898,474,738,522,238,42.41,Debit Card,Cancelled,2024-03-14,Pending,Japan
61,2024-03-25,881,462,982,501,170,35.41,Debit Card,In Transit,2024-05-02,In Transit,Canada
113,2024-04-15,529,97,537,223,644,91.6,Credit Card,In Transit,2024-03-18,Pending,Australia
330,2024-02-23,237,756,612,61,327,45.71,Online Payment,In Transit,2024-01-17,In Transit,China
909,2024-05-17,981,820,616,600,856,30.38,Cash,Cancelled,2024-01-21,Completed,France
471,2024-05-30,24,490,363,257,446,28.39,Online Payment,Cancelled,2024-01-08,Pending,Australia
731,2024-04-12,181,873,165,441,768,32.56,Debit Card,Delivered,2024-02-28,In Transit,France
620,2024-04-13,593,53,56,236,25,93.76,Debit Card,In Transit,2024-05-29,Delivered,Japan
880,2024-05-09,774,379,832,264,466,46.22,Online Payment,Pending,2024-02-24,Pending,Japan
538,2024-03-05,384,134,69,659,452,87.93,Online Payment,Delivered,2024-01-23,Pending,Brazil
844,2024-05-22,100,158,169,347,425,35.53,Credit Card,Pending,2024-04-14,In Transit,France
258,2024-05-20,361,642,363,261,520,1.78,Cash,Pending,2024-04-10,Completed,USA
824,2024-01-13,965,673,431,678,955,18.2,Cash,Pending,2024-04-21,Delivered,Brazil
846,2024-05-18,431,471,810,76,766,16.33,Online Payment,Cancelled,2024-05-20,In Transit,Japan
467,2024-05-01,151,392,753,190,419,91.97,Online Payment,Delivered,2024-01-07,Completed,Brazil
353,2024-03-23,286,290,145,86,998,92.83,Cash,Cancelled,2024-03-27,Cancelled,Brazil
560,2024-03-01,936,820,610,194,574,7.22,Online Payment,In Transit,2024-06-10,In Transit,France
226,2024-03-27,756,741,645,520,419,22.35,Online Payment,In Transit,2024-04-17,In Transit,Canada
553,2024-01-07,737,202,950,291,570,33.75,Online Payment,Cancelled,2024-02-21,Delivered,France
57,2024-04-09,376,712,749,292,394,21.53,Credit Card,Delivered,2024-01-08,In Transit,Germany
198,2024-05-01,308,853,212,459,302,0.52,Cash,Completed,2024-01-09,Completed,Australia
439,2024-03-25,564,708,970,11,710,27.28,Online Payment,In Transit,2024-05-11,Cancelled,UK
106,2024-03-12,430,237,896,784,276,65.79,Online Payment,In Transit,2024-04-07,Delivered,UK
363,2024-04-19,159,742,94,336,221,6.87,Online Payment,In Transit,2024-03-17,Pending,Italy
896,2024-05-27,385,286,338,200,517,38.74,Credit Card,In Transit,2024-04-20,Cancelled,Canada
601,2024-04-20,38,801,504,804,253,33.64,Cash,Delivered,2024-02-24,Completed,Canada
165,2024-02-05,463,238,45,81,238,64.86,Credit Card,Pending,2024-03-18,In Transit,Australia
433,2024-05-02,769,29,150,630,296,50.54,Debit Card,Delivered,2024-05-07,Cancelled,Australia
46,2024-04-20,209,306,498,392,116,57.13,Debit Card,Delivered,2024-01-18,Cancelled,Australia
682,2024-03-29,373,230,634,596,46,16.56,Cash,In Transit,2024-03-10,Pending,France
675,2024-03-30,879,196,318,297,759,16.23,Cash,In Transit,2024-05-29,Cancelled,Japan
4,2024-01-14,879,687,618,446,893,32.86,Credit Card,Cancelled,2024-04-06,Pending,UK
210,2024-04-04,842,572,694,747,416,85.06,Debit Card,Pending,2024-04-01,Completed,China
965,2024-02-01,159,5,538,466,76,67.63,Debit Card,Completed,2024-05-01,Completed,Australia
900,2024-05-15,328,977,751,184,83,92.8,Online Payment,Completed,2024-05-29,In Transit,UK
988,2024-04-28,349,467,635,198,731,80.16,Credit Card,Pending,2024-05-11,Delivered,Italy
815,2024-03-22,53,162,257,299,552,48.23,Debit Card,In Transit,2024-05-09,Cancelled,Germany
447,2024-05-31,605,2,672,994,505,11.27,Cash,Cancelled,2024-04-01,Pending,Australia
299,2024-05-20,479,701,568,376,959,78.61,Cash,Completed,2024-04-30,Cancelled,Germany
72,2024-05-06,316,216,771,944,429,75.91,Credit Card,In Transit,2024-03-09,Completed,Brazil
454,2024-05-05,149,797,707,494,910,59.16,Cash,In Transit,2024-01-13,Cancelled,USA
264,2024-05-05,579,215,602,139,682,86.1,Credit Card,Delivered,2024-02-25,Delivered,Japan
672,2024-01-16,182,748,5,894,573,95.74,Debit Card,Completed,2024-05-21,Delivered,Brazil
786,2024-05-10,708,918,551,974,467,90.98,Online Payment,Delivered,2024-04-03,Delivered,Japan
285,2024-02-05,6,846,658,914,923,71.23,Debit Card,Delivered,2024-03-09,Pending,Japan
310,2024-03-25,49,719,934,34,48,40.74,Debit Card,Cancelled,2024-03-23,Completed,USA
789,2024-05-06,94,48,992,385,482,97.8,Online Payment,Cancelled,2024-02-10,Cancelled,Brazil
120,2024-02-21,964,19,178,486,621,7.72,Online Payment,Cancelled,2024-01-14,Pending,USA
20,2024-02-18,974,150,449,781,163,35.55,Online Payment,Pending,2024-02-16,Cancelled,Canada
657,2024-02-12,930,553,674,19,63,73.57,Online Payment,Pending,2024-04-04,Completed,UK
340,2024-01-30,662,74,64,896,675,97.65,Online Payment,Cancelled,2024-01-10,Pending,Germany
919,2024-01-11,653,234,978,885,412,43.27,Cash,Pending,2024-06-01,Cancelled,China
10,2024-04-05,268,820,956,103,569,24.55,Credit Card,Completed,2024-01-16,Delivered,China
380,2024-05-20,327,645,535,868,672,32.87,Cash,Cancelled,2024-04-13,Cancelled,France
695,2024-04-29,899,822,636,804,217,91.93,Debit Card,Cancelled,2024-04-09,Pending,USA
984,2024-02-28,537,254,162,190,363,11.03,Debit Card,Delivered,2024-01-20,Pending,Germany
293,2024-03-21,898,434,521,261,543,25.07,Cash,Completed,2024-01-22,Completed,Japan
381,2024-03-18,124,840,989,942,191,8.06,Credit Card,Delivered,2024-03-20,Delivered,Australia
964,2024-04-18,32,580,279,954,676,93.83,Debit Card,Pending,2024-05-22,Completed,Germany
961,2024-03-02,242,771,18,57,960,5.42,Debit Card,Completed,2024-01-05,Delivered,Italy
240,2024-06-03,848,336,115,646,753,14.96,Credit Card,Cancelled,2024-02-25,Completed,Italy
263,2024-03-31,60,999,781,110,434,38.31,Credit Card,Pending,2024-02-21,Cancelled,Japan
278,2024-05-29,606,615,1000,748,698,18.13,Debit Card,In Transit,2024-01-27,Delivered,Brazil
558,2024-01-23,380,371,943,808,274,59.9,Cash,Pending,2024-01-11,Delivered,Brazil
65,2024-03-20,299,965,819,372,287,1.16,Debit Card,Pending,2024-01-27,Completed,Canada
502,2024-03-06,226,210,78,435,356,87.47,Cash,Delivered,2024-05-08,Completed,China
75,2024-02-01,181,653,634,239,861,90.64,Online Payment,Cancelled,2024-01-18,Delivered,France
294,2024-05-17,513,780,794,389,60,58.54,Debit Card,Cancelled,2024-02-11,Pending,Australia
473,2024-04-25,579,207,986,479,518,16.68,Debit Card,Pending,2024-03-26,Completed,USA
991,2024-02-08,360,999,889,623,321,55.93,Online Payment,Delivered,2024-05-19,Completed,China
985,2024-05-15,851,617,634,922,893,4.03,Debit Card,Completed,2024-06-06,Cancelled,USA
919,2024-03-23,771,908,663,747,110,51.7,Debit Card,Pending,2024-03-16,In Transit,UK
433,2024-03-13,245,136,872,910,383,61.46,Cash,Delivered,2024-03-16,Cancelled,Italy
725,2024-04-18,907,289,728,840,711,31.02,Online Payment,In Transit,2024-06-02,Cancelled,Brazil
213,2024-01-14,820,386,859,213,188,31.67,Credit Card,In Transit,2024-01-10,In Transit,USA
346,2024-06-05,874,980,387,667,65,16.99,Cash,Pending,2024-06-01,In Transit,UK
620,2024-04-16,634,48,374,157,169,58.6,Credit Card,Cancelled,2024-03-30,Delivered,USA
426,2024-03-06,308,957,786,297,991,52.79,Credit Card,Completed,2024-03-24,Delivered,UK
757,2024-02-03,463,694,142,679,476,22.86,Online Payment,Delivered,2024-03-20,Cancelled,Italy
554,2024-05-02,361,325,125,31,954,23.73,Cash,Pending,2024-05-15,Cancelled,Australia
366,2024-03-04,681,209,126,730,940,47.43,Debit Card,In Transit,2024-03-11,Completed,Australia
630,2024-01-10,97,716,449,894,651,90.2,Debit Card,Completed,2024-05-04,Completed,UK
627,2024-02-14,17,466,488,68,244,12.45,Credit Card,Pending,2024-02-09,Completed,France
213,2024-05-05,987,815,933,613,203,58.34,Cash,Cancelled,2024-03-13,Pending,Germany
8,2024-02-27,712,287,871,695,10,55.55,Credit Card,Pending,2024-04-29,Pending,China
61,2024-03-07,169,421,81,751,683,71.03,Online Payment,In Transit,2024-04-16,In Transit,China
917,2024-05-14,149,676,467,488,550,51.47,Online Payment,Pending,2024-01-03,Delivered,France
384,2024-01-05,85,477,498,725,8,40.54,Debit Card,In Transit,2024-04-12,Completed,Australia
60,2024-05-10,112,944,388,102,420,20.87,Credit Card,Delivered,2024-04-02,Pending,Canada
589,2024-04-20,937,312,587,396,6,87.04,Credit Card,In Transit,2024-01-07,Pending,China
587,2024-02-12,951,171,610,182,474,29.2,Cash,Cancelled,2024-03-28,Delivered,China
196,2024-01-03,518,786,47,953,522,77.11,Online Payment,Delivered,2024-04-04,Cancelled,Brazil
398,2024-02-22,859,670,770,935,834,74.38,Cash,Delivered,2024-03-06,In Transit,China
630,2024-04-28,558,669,649,102,779,27.87,Online Payment,Cancelled,2024-04-21,Delivered,Brazil
689,2024-05-06,739,672,42,459,497,78.58,Credit Card,Pending,2024-02-21,Delivered,Brazil
435,2024-02-13,782,814,994,48,33,53.63,Online Payment,Delivered,2024-03-15,Pending,USA
498,2024-02-15,621,602,24,548,643,32.71,Online Payment,Pending,2024-04-20,Pending,Italy
798,2024-03-06,900,199,709,160,805,48.21,Debit Card,Completed,2024-04-13,Cancelled,UK
550,2024-05-16,187,448,892,944,638,17.34,Debit Card,In Transit,2024-05-16,Pending,Australia
263,2024-03-15,223,65,632,955,379,64.99,Credit Card,Delivered,2024-01-29,Pending,Japan
791,2024-06-05,693,971,875,422,828,87.68,Debit Card,Completed,2024-04-05,Completed,UK
907,2024-01-21,271,433,366,809,874,60.13,Credit Card,Completed,2024-05-29,Completed,Italy
409,2024-03-10,838,994,778,422,688,42.78,Debit Card,Pending,2024-01-02,In Transit,Canada
214,2024-03-29,376,220,95,325,13,61.47,Cash,Cancelled,2024-03-22,Completed,Germany
209,2024-04-23,436,255,958,667,645,68.7,Online Payment,Delivered,2024-03-02,Pending,China
119,2024-01-04,213,651,306,77,220,49.44,Debit Card,In Transit,2024-01-17,Pending,Italy
210,2024-02-01,242,590,713,793,995,71.19,Online Payment,In Transit,2024-05-03,Cancelled,Germany
334,2024-02-26,922,835,161,247,665,85.32,Debit Card,Delivered,2024-04-05,Completed,Canada
8,2024-05-26,135,498,657,637,68,0.49,Debit Card,Pending,2024-02-29,Cancelled,Brazil
864,2024-03-27,743,275,203,528,970,88.99,Cash,Pending,2024-01-28,Delivered,China
644,2024-05-13,349,313,140,190,793,53.02,Credit Card,Completed,2024-03-19,Delivered,France
991,2024-05-17,303,359,462,494,872,67.93,Credit Card,Pending,2024-02-04,Cancelled,Japan
609,2024-03-29,215,271,783,430,668,71.65,Debit Card,Cancelled,2024-04-05,Delivered,Italy
64,2024-03-07,915,811,878,504,352,8.02,Credit Card,Cancelled,2024-03-03,Completed,Australia
507,2024-03-11,657,648,450,925,69,15.31,Online Payment,Cancelled,2024-06-10,Pending,Japan
767,2024-04-13,291,666,901,303,639,71.49,Credit Card,Cancelled,2024-03-07,Cancelled,USA
907,2024-05-07,663,467,115,355,696,73.22,Credit Card,In Transit,2024-05-05,Cancelled,Australia
423,2024-04-16,34,408,555,360,653,1.06,Credit Card,In Transit,2024-03-09,Pending,USA
793,2024-01-05,974,607,482,968,517,69.74,Cash,Delivered,2024-02-12,Completed,Japan
701,2024-05-19,61,993,313,528,820,87.88,Cash,Delivered,2024-02-07,Cancelled,France
620,2024-04-14,897,223,702,118,518,66.33,Online Payment,Completed,2024-01-23,Delivered,Germany
563,2024-01-11,269,327,348,53,463,24.47,Debit Card,Cancelled,2024-04-08,Cancelled,Brazil
603,2024-01-04,613,668,998,820,621,99.9,Debit Card,Delivered,2024-03-19,Delivered,France
257,2024-04-03,279,629,753,546,938,36.54,Cash,Pending,2024-02-27,Delivered,France
167,2024-02-17,948,206,965,503,758,39.76,Cash,Pending,2024-02-17,In Transit,USA
785,2024-02-22,838,354,193,944,586,53.4,Credit Card,Delivered,2024-01-29,In Transit,Australia
65,2024-06-02,394,199,780,211,849,98.89,Debit Card,Delivered,2024-02-10,Cancelled,USA
855,2024-03-15,888,168,498,707,309,13.03,Cash,In Transit,2024-05-24,Pending,Germany
98,2024-05-28,732,316,224,30,56,57.22,Credit Card,Pending,2024-01-17,Completed,Canada
971,2024-03-28,298,320,505,386,283,36.45,Online Payment,Pending,2024-05-11,Completed,Japan
573,2024-03-13,544,947,624,112,928,53.16,Cash,Cancelled,2024-03-17,Cancelled,Italy
379,2024-01-23,548,793,916,150,636,77.83,Cash,Delivered,2024-04-28,In Transit,France
876,2024-04-23,902,394,540,359,818,43.69,Cash,Delivered,2024-04-13,Delivered,Canada
153,2024-05-12,140,830,982,78,158,15.31,Online Payment,Completed,2024-02-19,In Transit,Italy
46,2024-05-14,920,662,226,671,518,58.31,Online Payment,Cancelled,2024-05-21,Pending,Italy
399,2024-04-18,357,974,889,759,109,82.43,Cash,Cancelled,2024-05-17,Pending,USA
600,2024-05-21,482,26,793,208,557,67.28,Cash,Pending,2024-01-05,Completed,China
423,2024-05-09,436,604,566,573,250,17.25,Online Payment,Pending,2024-01-16,Cancelled,Brazil
881,2024-03-06,426,545,314,665,220,80.82,Debit Card,Delivered,2024-03-30,Completed,Germany
177,2024-05-02,660,918,684,598,602,46.99,Debit Card,Delivered,2024-04-11,Delivered,Germany
554,2024-04-01,808,373,101,856,907,0.3,Credit Card,In Transit,2024-03-07,Pending,UK
777,2024-03-08,471,155,545,281,53,10.27,Credit Card,Pending,2024-03-28,Cancelled,Australia
186,2024-06-03,847,506,671,909,309,83.58,Credit Card,Pending,2024-01-30,Pending,Italy
164,2024-04-25,73,693,247,952,514,26.49,Credit Card,Delivered,2024-03-30,Cancelled,Canada
39,2024-01-24,827,530,361,770,344,70.04,Credit Card,Delivered,2024-03-08,Completed,France
233,2024-01-22,857,421,810,761,498,98.92,Credit Card,In Transit,2024-04-22,Pending,USA
526,2024-01-18,991,587,617,730,608,76.62,Online Payment,Pending,2024-02-28,In Transit,Brazil
